[
    {
        "id": "4E2A0B00-D9A3-4002-8B73-4316FD64C0AB",
        "dateTime": "2021-06-15 at 14:23:45",
        "answerToQuestion1": "2-3 times per week",
        "answerToQuestion2": "No",
        "answerToQuestion3": "4-6 times per week",
        "answerToQuestion4": "Ice cream, chocolate, cookies, candy",
        "answerToQuestion5": "Regular soda or other sugared beverages",
        "answerToQuestion6": "1 time per week",
        "answerToQuestion7": 3,
        "answerToQuestion8": "Racquetball",
        "answerToQuestion9": "No stress",
        "answerToQuestion10": 7
    },
    {
        "id": "F00B8389-F7FE-42A2-9F0C-4205305FFA43",
        "dateTime": "2019-10-05 at 11:45:21",
        "answerToQuestion1": "3+ times per day",
        "answerToQuestion2": "I smoke e-cigarettes",
        "answerToQuestion3": "2 times per day",
        "answerToQuestion4": "Chips, crackers, nuts",
        "answerToQuestion5": "Juice Box",
        "answerToQuestion6": "1 time per day",
        "answerToQuestion7": 0,
        "answerToQuestion8": "Other",
        "answerToQuestion9": "Severe stress",
        "answerToQuestion10": 6
    },
    {
        "id": "3455EE78-2624-4F01-B1E5-9DB3E8D06769",
        "dateTime": "2020-02-16 at 08:30:32",
        "answerToQuestion1": "Never",
        "answerToQuestion2": "I quit",
        "answerToQuestion3": "Never",
        "answerToQuestion4": "Fruits, vegetables",
        "answerToQuestion5": "Water",
        "answerToQuestion6": "2 times per day",
        "answerToQuestion7": 4,
        "answerToQuestion8": "Gym Workouts",
        "answerToQuestion9": "Severe stress",
        "answerToQuestion10": 8
    },
    {
        "id": "4E4BCDBD-1BF4-4EB2-A836-1A3814D6FBC2",
        "dateTime": "2021-09-12 at 18:29:19",
        "answerToQuestion1": "4-6 times per week",
        "answerToQuestion2": "No",
        "answerToQuestion3": "2-3 times per week",
        "answerToQuestion4": "Chips, crackers, nuts",
        "answerToQuestion5": "Milk",
        "answerToQuestion6": "3+ times per day",
        "answerToQuestion7": 6,
        "answerToQuestion8": "Running",
        "answerToQuestion9": "Moderate stress",
        "answerToQuestion10": 8
    },
    {
        "id": "E0DE95D9-7248-428F-A895-276116480C50",
        "dateTime": "2020-11-06 at 17:40:33",
        "answerToQuestion1": "2 times per day",
        "answerToQuestion2": "No",
        "answerToQuestion3": "1 time per day",
        "answerToQuestion4": "Fast foods (e.g. pizza, fries)",
        "answerToQuestion5": "Tea",
        "answerToQuestion6": "2-3 times per week",
        "answerToQuestion7": 5,
        "answerToQuestion8": "Pilates",
        "answerToQuestion9": "Mild stress",
        "answerToQuestion10": 5
    },
    {
        "id": "F086ACCA-389F-40F0-981E-6FF456B833F0",
        "dateTime": "2022-01-06 at 12:43:25",
        "answerToQuestion1": "3+ times per day",
        "answerToQuestion2": "Yes",
        "answerToQuestion3": "3+ times per day",
        "answerToQuestion4": "Protein bar, fruit and nut bar, energy bar",
        "answerToQuestion5": "Water",
        "answerToQuestion6": "3+ times per day",
        "answerToQuestion7": 3,
        "answerToQuestion8": "Hiking",
        "answerToQuestion9": "No stress",
        "answerToQuestion10": 7
    },
    {
        "id": "2299C016-F168-4E0F-AEE9-C0A2313D00CC",
        "dateTime": "2020-12-24 at 19:38:11",
        "answerToQuestion1": "Never",
        "answerToQuestion2": "No",
        "answerToQuestion3": "Never",
        "answerToQuestion4": "Ice cream, chocolate, cookies, candy",
        "answerToQuestion5": "Juice Box",
        "answerToQuestion6": "Never",
        "answerToQuestion7": 1,
        "answerToQuestion8": "Racquetball",
        "answerToQuestion9": "Severe stress",
        "answerToQuestion10": 8
    },
    {
        "id": "8DB9B91B-A12D-4613-89CF-CC3569CA8B24",
        "dateTime": "2021-04-19 at 16:41:13",
        "answerToQuestion1": "2 times per day",
        "answerToQuestion2": "I quit",
        "answerToQuestion3": "1 time per week",
        "answerToQuestion4": "Other",
        "answerToQuestion5": "Regular soda or other sugared beverages",
        "answerToQuestion6": "4-6 times per week",
        "answerToQuestion7": 3,
        "answerToQuestion8": "Gymnastics",
        "answerToQuestion9": "Moderate stress",
        "answerToQuestion10": 7
    },
    {
        "id": "1A6C5318-D201-4DFC-AB04-F81517537F55",
        "dateTime": "2021-07-06 at 20:18:35",
        "answerToQuestion1": "2-3 times per week",
        "answerToQuestion2": "I smoke e-cigarettes",
        "answerToQuestion3": "2-3 times per week",
        "answerToQuestion4": "Ice cream, chocolate, cookies, candy",
        "answerToQuestion5": "Water",
        "answerToQuestion6": "1 time per day",
        "answerToQuestion7": 0,
        "answerToQuestion8": "Running",
        "answerToQuestion9": "Mild stress",
        "answerToQuestion10": 9
    },
    {
        "id": "5FC894DE-E9C6-462C-97C0-0241DCEBBAE1",
        "dateTime": "2021-05-23 at 21:34:19",
        "answerToQuestion1": "1 time per week",
        "answerToQuestion2": "No",
        "answerToQuestion3": "4-6 times per week",
        "answerToQuestion4": "Chips, crackers, nuts",
        "answerToQuestion5": "Juice Box",
        "answerToQuestion6": "2-3 times per week",
        "answerToQuestion7": 4,
        "answerToQuestion8": "Gym Workouts",
        "answerToQuestion9": "Severe stress",
        "answerToQuestion10": 10
    },
    {
        "id": "1C656C1B-D35F-41E5-98B1-BE36DD9B1869",
        "dateTime": "2021-03-24 at 18:13:46",
        "answerToQuestion1": "3+ times per day",
        "answerToQuestion2": "Yes",
        "answerToQuestion3": "2 times per day",
        "answerToQuestion4": "Fruits, vegetables",
        "answerToQuestion5": "Regular soda or other sugared beverages",
        "answerToQuestion6": "2 times per day",
        "answerToQuestion7": 7,
        "answerToQuestion8": "Swimming",
        "answerToQuestion9": "Mild stress",
        "answerToQuestion10": 6
    },
    {
        "id": "6601825C-5DB5-4D1D-BD51-F8A706E03E39",
        "dateTime": "2021-04-29 at 10:38:21",
        "answerToQuestion1": "4-6 times per week",
        "answerToQuestion2": "I quit",
        "answerToQuestion3": "4-6 times per week",
        "answerToQuestion4": "Chips, crackers, nuts",
        "answerToQuestion5": "Water",
        "answerToQuestion6": "1 time per week",
        "answerToQuestion7": 1,
        "answerToQuestion8": "Cycling",
        "answerToQuestion9": "Moderate stress",
        "answerToQuestion10": 7
    },
    {
        "id": "FC4C7FD9-D74A-42DD-BBDC-F108F7DA2449",
        "dateTime": "2022-01-28 at 21:15:45",
        "answerToQuestion1": "2-3 times per week",
        "answerToQuestion2": "Yes",
        "answerToQuestion3": "3+ times per day",
        "answerToQuestion4": "Fast foods (e.g. pizza, fries)",
        "answerToQuestion5": "Tea",
        "answerToQuestion6": "Never",
        "answerToQuestion7": 4,
        "answerToQuestion8": "Team Sport",
        "answerToQuestion9": "Severe stress",
        "answerToQuestion10": 8
    },
    {
        "id": "74F90247-F0AE-4E72-85FA-BE88C7BB62D5",
        "dateTime": "2022-02-20 at 11:34:18",
        "answerToQuestion1": "1 time per week",
        "answerToQuestion2": "No",
        "answerToQuestion3": "Never",
        "answerToQuestion4": "Protein bar, fruit and nut bar, energy bar",
        "answerToQuestion5": "Regular soda or other sugared beverages",
        "answerToQuestion6": "3+ times per day",
        "answerToQuestion7": 5,
        "answerToQuestion8": "Aerobics",
        "answerToQuestion9": "Mild stress",
        "answerToQuestion10": 5
    },
    {
        "id": "00D32B4B-B03A-42E2-8E47-92F4F1A5037D",
        "dateTime": "2021-03-19 at 19:20:35",
        "answerToQuestion1": "Never",
        "answerToQuestion2": "I smoke e-cigarettes",
        "answerToQuestion3": "1 time per week",
        "answerToQuestion4": "Ice cream, chocolate, cookies, candy",
        "answerToQuestion5": "Juice Box",
        "answerToQuestion6": "1 time per week",
        "answerToQuestion7": 6,
        "answerToQuestion8": "Walking",
        "answerToQuestion9": "Moderate stress",
        "answerToQuestion10": 6
    }
]
