[
    {
        "id": "C3669385-C69D-473B-A273-FEE011BDEF49",
        "youTubeId": "6-kviptjtXk",
        "title": "Apple Park: The New $5 Billion Headquarters",
        "description": "In this video, we go over the new Apple Campus 2 in Cupertino, California. For more Apple Headquarters mega project and engineering content, be sure to subscribe to Top Luxury.",
        "durationTime": "00:10:05",
        "releaseDate": "2020-09-25",
        "youTubeCategory": "People & Blogs"
    },
    {
        "id": "5C352A51-F947-4902-9BBE-D2EDF58C05A4",
        "youTubeId": "rr2XfL_df3o",
        "title": "M1 Max MacBook Pro Review: Truly Next Level!",
        "description": "Marques Brownlee reviews and indicates that the 14-inch and 16-inch MacBook Pros are incredible. He says I can finally retire the travel iMac.",
        "durationTime": "00:22:37",
        "releaseDate": "2021-11-04",
        "youTubeCategory": "People & Blogs"
    },
    {
        "id": "CD2E8D69-DE3C-4BC1-A8E6-13BC350F5AC0",
        "youTubeId": "L6fiXXXTQzA",
        "title": "AWS Elastic Compute Cloud - EC2",
        "description": "In this Video you will see about the fundamentals of the Amazon Elastic Compute Cloud service, commonly known as EC2. AWS Compute is a large element of the AWS infrastructure, and it is likely to be one of the first service types that customers are using. This video will focus on a single Compute service, EC2 and it covers all elements from the ground up, ensuring you have a full understanding of it as I will go step by step in a simple way.",
        "durationTime": "00:14:52",
        "releaseDate": "2021-10-09",
        "youTubeCategory": "Education"
    },
    {
        "id": "AF78EA63-38AF-448F-B945-0F3D79BB02E7",
        "youTubeId": "V0vBl5MTXT0",
        "title": "Best Funny Dogs and Cats Videos - Try Not To Laugh!",
        "description": "Enjoy new funniest and very cute video of the week about try not laugh funny animals life video. But some cats in this video will actually surprise you! All their breeds differ by size, features, and color, temperament. And you can enjoy them in this video. And yet, there are dogs that resemble none of their kind in the whole world. Cats are surely the most popular pets and awesome animals nowadays. Dogs are awesome animals. Despite all their differences, they have much in common, too.",
        "durationTime": "00:13:28",
        "releaseDate": "2021-02-12",
        "youTubeCategory": "People & Blogs"
    },
    {
        "id": "5DA4086A-AE74-445A-987B-E79B38B920AA",
        "youTubeId": "nNBMFxY1whk",
        "title": "How to Make the Perfect Cheesecake with Cherry Sauce",
        "description": "Homemade cheesecake is easy and everyone will be impressed with this New York Cheesecake Recipe. The secret to a perfect cheesecake is using the water bath method!",
        "durationTime": "00:10:37",
        "releaseDate": "2020-05-08",
        "youTubeCategory": "Howto & Style"
    },
    {
        "id": "EC703A72-74C9-4298-8A90-2B0989BD4C2C",
        "youTubeId": "RECaepj8LkU",
        "title": "How to Shuffle Dance | Evelina",
        "description": "A video teaching how to shuffle dance by Evelina. Hope you enjoyed this video! If you did, subscribe for more! Check out my fashion brand Imprévu. Find me on Instagram!",
        "durationTime": "00:03:05",
        "releaseDate": "2015-08-26",
        "youTubeCategory": "Howto & Style"
    },
    {
        "id": "01F2A031-C366-4E82-A37A-054DC5BC92F8",
        "youTubeId": "7MFKy7DJsCY",
        "title": "Lost World of the Maya (Full Episode) | National Geographic",
        "description": "The Maya - their soaring pyramids, monumental cities and mythical mastery of astronomy and mathematics have captured our imaginations and spurred generations of explorers into the jungles of Central America on a quest to understand them. Lost World of the Maya surveys their dramatic rise to prominence in the pre-classic era of the Maya as well as new evidence of the collapse of their civilization in the 800-900s AD.",
        "durationTime": "00:44:24",
        "releaseDate": "2020-12-30",
        "youTubeCategory": "Entertainment"
    },
    {
        "id": "49DC3CD8-11C2-4393-802E-259E75C851E0",
        "youTubeId": "p_tMH9x3TAo",
        "title": "Make 2021 Your Best Year Yet! 9 Steps to Greater Clarity in Goals",
        "description": "As we are wrapping up the year, you might be thinking about how to make the most out of NEXT year. In this video I share 9 steps to greater clarity to help you set the best possible goals that are aligned with your larger vision for yourself – so you can make 2021 your BEST YEAR YET! Because every year should be our best year yet (except 2020 which came in like a wrecking ball & many are still picking up the pieces).",
        "durationTime": "00:06:55",
        "releaseDate": "2020-11-29",
        "youTubeCategory": "People & Blogs"
    },
    {
        "id": "AD89E5AF-7969-48BE-9AAB-40AC05221CF9",
        "youTubeId": "HS1CWAkbRu0",
        "title": "NASA unveils stunning new video of Mars landing",
        "description": "New footage shows the Perseverance rover''s entry, descent and landing on the red planet.",
        "durationTime": "00:05:47",
        "releaseDate": "2021-02-22",
        "youTubeCategory": "Science & Technology"
    },
    {
        "id": "27BA46E9-50F4-43C2-AE89-E02E4C7923B7",
        "youTubeId": "FZrfqnSfMcU",
        "title": "Owen Wilson Monologue - SNL",
        "description": "First-time host Owen Wilson talks about reading bad reviews about his work and preparing to host Saturday Night Live.",
        "durationTime": "00:04:39",
        "releaseDate": "2021-10-03",
        "youTubeCategory": "Comedy"
    },
    {
        "id": "4ACBEC0E-440E-451F-9341-32887F17E2D3",
        "youTubeId": "kk8nOH_g5cc",
        "title": "Siberian Husky - Top 10 Facts",
        "description": "The Siberian Husky is a beautiful dog breed with a thick coat that comes in a multitude of colors and markings. Records indicated that the last Siberian Husky was exported from Siberia in 1930 when the borders were closed by the Soviet government. The breed continued to thrive in North America. Although they changed slightly from their Siberian foundation dogs, the Chukchi Sled Dog, they still maintain many of the wonderful qualities of that breed.",
        "durationTime": "00:06:19",
        "releaseDate": "2019-08-10",
        "youTubeCategory": "Pets & Animals"
    },
    {
        "id": "A8D15E67-4B3A-4314-BEE9-CE0038598FC0",
        "youTubeId": "ONJZF2fHy3M",
        "title": "Space Documentary 2021 - Traveling Between Galaxies",
        "description": "Intergalactic travel is the hypothetical crewed or uncrewed travel between galaxies. Due to the enormous distances between our own galaxy the Milky Way and even its closest neighbors—tens of thousands to millions of light-years—any such venture would be far more technologically demanding than even interstellar travel.",
        "durationTime": "01:13:28",
        "releaseDate": "2021-04-14",
        "youTubeCategory": "Science & Technology"
    },
    {
        "id": "02ABF9A1-140E-4534-9C1C-BF3780EEFEAE",
        "youTubeId": "KYHXFnaN78g",
        "title": "Starting a Nonprofit in 2021: 10 Trends You Need to Know About",
        "description": "In this video, I share 10 of the top trends experts are expecting to see in the nonprofit sector in 2021 as the world starts recovering from COVID-19 and its economic impact. If you are starting a nonprofit, thinking about it for 2021, or have just started a nonprofit, or know someone who is trying to start a nonprofit, I hope this helps!",
        "durationTime": "00:16:16",
        "releaseDate": "2021-01-03",
        "youTubeCategory": "Nonprofits & Activism"
    },
    {
        "id": "052F59B2-9D5E-492A-A6B5-AEBBB7AB0BDE",
        "youTubeId": "nFsdBu5PPhU",
        "title": "Super Mario Odyssey - Full Game Walkthrough",
        "description": "Full game walkthrough of Super Mario Odyssey for the Nintendo Switch. (1080p 60fps)",
        "durationTime": "02:57:29",
        "releaseDate": "2021-05-20",
        "youTubeCategory": "Gaming"
    },
    {
        "id": "C2DA2686-E19E-4676-925D-7D0C255ED3B0",
        "youTubeId": "kJU6kxy9Njc",
        "title": "Tesla Model X - Dance and Crazy Lightshow",
        "description": "An amazing easter egg, is the Tesla Model X dance and lightshow. In this video Oliver tells you exactly what to do to make it happen. Let us know what you think about this car in the comments below.",
        "durationTime": "00:03:39",
        "releaseDate": "2021-04-09",
        "youTubeCategory": "Autos & Vehicles"
    },
    {
        "id": "A436EC73-2D75-4EBB-84CD-8BD10DFDD6CB",
        "youTubeId": "VH155nbJtzo",
        "title": "The Best Pictures Ever Taken by The Hubble Telescope",
        "description": "Best pictures ever taken by the Hubble Space Telescope! These amazing space photos will truly blow your mind as it shows truly how big and bizarre space and the universe can be!",
        "durationTime": "00:11:32",
        "releaseDate": "2021-01-27",
        "youTubeCategory": "Education"
    },
    {
        "id": "E598FD50-8CEB-4617-9003-EB1BCB3C02B9",
        "youTubeId": "neut5O8SAq4",
        "title": "The Best Upcoming Movies 2021",
        "description": "The compilation in this video includes the following: New Movie Trailers 2021, Willy''s Wonderland, Coming 2 America, The Little Things, Flora and Ulysses, Bliss, Earwig and the Witch, Cosmoball, Judas and the Black Messiah, Music, The World To Come, Breaking News in Yuba County, Sky Sharks, Locked Down, One Night in Miami, and AK 47: Kalashnikov.",
        "durationTime": "00:29:22",
        "releaseDate": "2021-01-18",
        "youTubeCategory": "Film & Animation"
    },
    {
        "id": "CD0CFE8B-0DF2-42B8-99C1-290A4013C0CD",
        "youTubeId": "m-LP4qpOLl0",
        "title": "The Newest Robots 2021 | Incredible and Technologically Advanced Robots",
        "description": "You are on PRO Robotics and in this episode we have collected the latest robots of the year 2021. You will learn about the latest developments in robotics and get to know high-tech and incredible robots. All types of robots from humanoid to robotic grippers to microscopic robots will be featured today. Watch the video to the end and write in the comments which robot did you like best?",
        "durationTime": "00:10:08",
        "releaseDate": "2021-05-09",
        "youTubeCategory": "Education"
    },
    {
        "id": "E2435F2E-FA95-404C-9588-ABF9779A26C8",
        "youTubeId": "rdh2s9eMzGc",
        "title": "The Science of Time - Full Space Documentary",
        "description": "Does Time really exist? In this documentary we will explore the science of Time. In the sciences generally, time is simply what a clock reads, but this hides a whole host of different conceptions of time used in physics. Physics is the only science that explicitly studies time, but even physicists agree that time is one of the most difficult properties of our universe to understand.",
        "durationTime": "00:48:13",
        "releaseDate": "2021-06-05",
        "youTubeCategory": "Science & Technology"
    },
    {
        "id": "290EE27E-DF6F-4111-A8BD-567F44F45086",
        "youTubeId": "_kt1imQlwuY",
        "title": "The Universe: The Strangest Phenomena Ever Seen",
        "description": "Join us as we highlight the trends that have defined us from the 1920s to now in History by the Decade. From stars, galaxies, and moons to subatomic particles, black holes, and invisible phenomena, discover the most bizarre, mysterious, and exotic things in our universe.",
        "durationTime": "00:44:27",
        "releaseDate": "2021-02-08",
        "youTubeCategory": "Education"
    },
    {
        "id": "7D635A84-9602-4389-82D1-44E0A0C6EF5E",
        "youTubeId": "iTLssSIetq0",
        "title": "The World in 2021: five stories to watch out for | The Economist",
        "description": "The World in 2021 will start to look beyond COVID-19: to the launch of an asteroid-smashing space probe, the next step in the fight against climate change and China''s supremacy at the box office. Here are five stories to watch out for in 2021: Democracy under threat; The electric revolution revs up; A chance to turn a corner on climate change; China v Hollywood: battle of the box offices; Defending the planet.",
        "durationTime": "00:18:19",
        "releaseDate": "2020-12-23",
        "youTubeCategory": "News & Politics"
    },
    {
        "id": "9C6CA5E4-B45E-484B-BDD3-E947C44EB5C5",
        "youTubeId": "sxHpz9d8lYU",
        "title": "Top 10 New Electric Vehicles in 2021",
        "description": "There are some exciting new electric vehicles coming in 2021. If you watched the Super Bowl you may have noticed GM commercial about their new upcoming electric vehicles in 2021. This seems to confirm that 2021 is truly the year of the Electric Vehicle. It is safe to say Tesla is currently the leader in the EV space.",
        "durationTime": "00:17:57",
        "releaseDate": "2021-02-24",
        "youTubeCategory": "Autos & Vehicles"
    },
    {
        "id": "5299F8AA-B1AE-4930-9C1B-160F7548B420",
        "youTubeId": "PaukPDAUOq0",
        "title": "Top 12 Amazing Places to Travel in Europe 2021",
        "description": "Some of the countries on this list might surprise you but these are a few of my favorite places in Europe! You can travel to every country in this video on a budget but some are more expensive than others. No matter what continent, there are always places you can visit on a budget - the best thing you can do when learning how to travel is realizing that No destination is really ever too expensive. You just have to get creative with it.",
        "durationTime": "00:25:38",
        "releaseDate": "2021-08-14",
        "youTubeCategory": "Travel & Events"
    },
    {
        "id": "3514A150-85FC-4E8A-B0C1-45DA8E359FD4",
        "youTubeId": "JUfybRQc_1o",
        "title": "Top 25 Places To Visit In The USA",
        "description": "The USA is home to some of the world''s most beautiful places! From the Hawaiian Islands to the historic East Coast, the United States offers so many destinations to visit. I have lived in the USA for most my life and I cannot wait to show you my country. Where is your favorite place in the USA?",
        "durationTime": "00:17:18",
        "releaseDate": "2021-01-29",
        "youTubeCategory": "Travel & Events"
    },
    {
        "id": "924415F5-400D-4160-955C-4DAE13F85B6B",
        "youTubeId": "Bn4MircwDfQ",
        "title": "Top 50 Hit Songs 2021 October",
        "description": "This video plays short versions of top 50 hit songs as of October 5, 2021 (Mainstream Music)",
        "durationTime": "00:06:06",
        "releaseDate": "2021-10-05",
        "youTubeCategory": "Music"
    },
    {
        "id": "7E8B8133-8D4E-487B-812E-1954AA84462B",
        "youTubeId": "PtemW-RxOQg",
        "title": "Upcoming Animated Movies (2022 ~ 2028)",
        "description": "From studio efforts to personal indies, here are all the animated movies coming out next year and in the future.",
        "durationTime": "00:35:44",
        "releaseDate": "2021-10-07",
        "youTubeCategory": "Film & Animation"
    },
    {
        "id": "D2732A90-F59B-4195-9AAC-B98123895388",
        "youTubeId": "j3nE8JQATXo",
        "title": "What is a Phishing Attack? And How To Avoid It",
        "description": "A phishing attack is one of the easiest forms of cyberattack for criminals to carry out, and one of the easiest to fall for. Let''s dive right into what phishing is and how to avoid the lure. Below is a list of the best VPNs that will help beef up your online security and stay safe online.",
        "durationTime": "00:07:29",
        "releaseDate": "2021-04-29",
        "youTubeCategory": "Howto & Style"
    },
    {
        "id": "19E50A62-728F-4864-B518-95CC4063608F",
        "youTubeId": "imNfrtvYYbw",
        "title": "What is Ransomware?",
        "description": "Ransomware is malicious software used by threat actors that aims to extort money from victims. This form of cyber aggression is one of the most prolific criminal business models in existence today. Ransomware attacks can cost an organization millions of dollars and can require hundreds of hours to rebuild the devices and restore data destroyed during an attack.",
        "durationTime": "00:12:47",
        "releaseDate": "2021-09-03",
        "youTubeCategory": "Education"
    },
    {
        "id": "6F39631A-A8E1-4643-99E9-E7579EBF6D6E",
        "youTubeId": "scxzzd5xfA4",
        "title": "5 Revolutionary Electric Cars Coming to Change The World",
        "description": "Representing Game-Changing Electric Cars that are going to Revolutionize the Automotive world. Technological advancements and demand of time makes automotive and tech giants think about new solutions in the auto-industry that are not only innovative but also provide uncompromising performance. 300 miles of range in 10 minutes? Watching a movie while the car gets you to your destination by itself? Wait just a couple of years and companies such as Tesla, Toyota and Apple will provide you with unforgettable and most enjoyable riding experience!",
        "durationTime": "00:10:49",
        "releaseDate": "2021-06-20",
        "youTubeCategory": "Autos & Vehicles"
    },
    {
        "id": "D4028A25-0B1F-42F2-B5CB-FF42D58D418F",
        "youTubeId": "uWldKib5oRQ",
        "title": "10 Most Viewed Americas Got Talent Auditions 2021",
        "description": "Grab your Popcorn and watch 10 of the most viewed auditions from Americas Got Talent 2021",
        "durationTime": "01:00:23",
        "releaseDate": "2021-09-16",
        "youTubeCategory": "Entertainment"
    }
]
