[
    {
        "id": 1,
        "name": "Tokyo",
        "cityPhotoFilename": "Tokyo",
        "country": "Japan",
        "definition": "Metropolis Prefecture",
        "population": 13515271,
        "latitude": 35.6897,
        "longitude": 139.6922,
        "cityWebsiteUrl": "https://www.metro.tokyo.lg.jp/english/",
        "countryFlagImageUrl": "https://flagcdn.com/w320/jp.png"
    },
    {
        "id": 2,
        "name": "Delhi",
        "cityPhotoFilename": "Delhi",
        "country": "India",
        "definition": "Capital City",
        "population": 16753235,
        "latitude": 28.66,
        "longitude": 77.23,
        "cityWebsiteUrl": "https://portal.delhi.gov.in/",
        "countryFlagImageUrl": "https://flagcdn.com/w320/in.png"
    },
    {
        "id": 3,
        "name": "Shanghai",
        "cityPhotoFilename": "Shanghai",
        "country": "China",
        "definition": "Municipality",
        "population": 24870895,
        "latitude": 31.1667,
        "longitude": 121.4667,
        "cityWebsiteUrl": "http://english.shanghai.gov.cn/",
        "countryFlagImageUrl": "https://flagcdn.com/w320/cn.png"
    },
    {
        "id": 4,
        "name": "Sao Paulo",
        "cityPhotoFilename": "SaoPaulo",
        "country": "Brazil",
        "definition": "Municipality",
        "population": 12252023,
        "latitude": -23.5504,
        "longitude": -46.6339,
        "cityWebsiteUrl": "https://www.brazil.org.za/sao-paulo-city.html",
        "countryFlagImageUrl": "https://flagcdn.com/w320/br.png"
    },
    {
        "id": 5,
        "name": "Mexico City",
        "cityPhotoFilename": "MexicoCity",
        "country": "Mexico",
        "definition": "City-state",
        "population": 9209944,
        "latitude": 19.4333,
        "longitude": -99.1333,
        "cityWebsiteUrl": "https://www.mexicocity.com/",
        "countryFlagImageUrl": "https://flagcdn.com/w320/mx.png"
    },
    {
        "id": 6,
        "name": "Cairo",
        "cityPhotoFilename": "Cairo",
        "country": "Egypt",
        "definition": "Urban Governorate",
        "population": 9500000,
        "latitude": 30.0561,
        "longitude": 31.2394,
        "cityWebsiteUrl": "http://www.cairo.gov.eg/en/pages/default.aspx",
        "countryFlagImageUrl": "https://flagcdn.com/w320/eg.png"
    },
    {
        "id": 7,
        "name": "Mumbai",
        "cityPhotoFilename": "Mumbai",
        "country": "India",
        "definition": "Municipality",
        "population": 12478447,
        "latitude": 18.9667,
        "longitude": 72.8333,
        "cityWebsiteUrl": "https://mumbaicity.gov.in/",
        "countryFlagImageUrl": "https://flagcdn.com/w320/in.png"
    },
    {
        "id": 8,
        "name": "Beijing",
        "cityPhotoFilename": "Beijing",
        "country": "China",
        "definition": "Municipality",
        "population": 21893095,
        "latitude": 39.905,
        "longitude": 116.3914,
        "cityWebsiteUrl": "http://english.beijing.gov.cn/",
        "countryFlagImageUrl": "https://flagcdn.com/w320/cn.png"
    },
    {
        "id": 9,
        "name": "Dhaka",
        "cityPhotoFilename": "Dhaka",
        "country": "Bangladesh",
        "definition": "Capital City",
        "population": 8906039,
        "latitude": 23.7289,
        "longitude": 90.3944,
        "cityWebsiteUrl": "http://www.dhaka.gov.bd/en",
        "countryFlagImageUrl": "https://flagcdn.com/w320/bd.png"
    },
    {
        "id": 10,
        "name": "Osaka",
        "cityPhotoFilename": "Osaka",
        "country": "Japan",
        "definition": "Designated City",
        "population": 2725006,
        "latitude": 34.75,
        "longitude": 135.4601,
        "cityWebsiteUrl": "https://osaka-info.jp/en/",
        "countryFlagImageUrl": "https://flagcdn.com/w320/jp.png"
    },
    {
        "id": 11,
        "name": "New York City",
        "cityPhotoFilename": "NewYorkCity",
        "country": "United States",
        "definition": "City",
        "population": 8804190,
        "latitude": 40.73061,
        "longitude": -73.935242,
        "cityWebsiteUrl": "https://www1.nyc.gov/",
        "countryFlagImageUrl": "https://flagcdn.com/w320/us.png"
    },
    {
        "id": 12,
        "name": "Karachi",
        "cityPhotoFilename": "Karachi",
        "country": "Pakistan",
        "definition": "Metropolitan City",
        "population": 14910352,
        "latitude": 24.86,
        "longitude": 67.01,
        "cityWebsiteUrl": "http://www.kmc.gos.pk/",
        "countryFlagImageUrl": "https://flagcdn.com/w320/pk.png"
    },
    {
        "id": 13,
        "name": "Buenos Aires",
        "cityPhotoFilename": "BuenosAires",
        "country": "Argentina",
        "definition": "Autonomous City",
        "population": 3054300,
        "latitude": -34.5997,
        "longitude": -58.3819,
        "cityWebsiteUrl": "https://turismo.buenosaires.gob.ar/en",
        "countryFlagImageUrl": "https://flagcdn.com/w320/ar.png"
    },
    {
        "id": 14,
        "name": "Chongqing",
        "cityPhotoFilename": "Chongqing",
        "country": "China",
        "definition": "Municipality",
        "population": 32054159,
        "latitude": 29.5628,
        "longitude": 106.5528,
        "cityWebsiteUrl": "https://www.chinasage.info/provinces/chongqing.htm",
        "countryFlagImageUrl": "https://flagcdn.com/w320/cn.png"
    },
    {
        "id": 15,
        "name": "Istanbul",
        "cityPhotoFilename": "Istanbul",
        "country": "Turkey",
        "definition": "Metropolitan Municipality",
        "population": 15519267,
        "latitude": 41.01,
        "longitude": 28.9603,
        "cityWebsiteUrl": "https://www.ibb.istanbul/en",
        "countryFlagImageUrl": "https://flagcdn.com/w320/tr.png"
    },
    {
        "id": 16,
        "name": "Kolkata",
        "cityPhotoFilename": "Kolkata",
        "country": "India",
        "definition": "Municipality",
        "population": 4496694,
        "latitude": 22.5411,
        "longitude": 88.3378,
        "cityWebsiteUrl": "https://www.kmcgov.in/KMCPortal/jsp/KMCPortalHome1.jsp",
        "countryFlagImageUrl": "https://flagcdn.com/w320/in.png"
    },
    {
        "id": 17,
        "name": "Manila",
        "cityPhotoFilename": "Manila",
        "country": "Philippines",
        "definition": "Capital City",
        "population": 1780148,
        "latitude": 14.6,
        "longitude": 120.9833,
        "cityWebsiteUrl": "https://manila.gov.ph/",
        "countryFlagImageUrl": "https://flagcdn.com/w320/ph.png"
    },
    {
        "id": 18,
        "name": "Rio de Janeiro",
        "cityPhotoFilename": "RioDeJaneiro",
        "country": "Brazil",
        "definition": "Municipality",
        "population": 6520000,
        "latitude": -22.9083,
        "longitude": -43.1964,
        "cityWebsiteUrl": "https://www.brazil.org.za/rio-de-janeiro-city.html",
        "countryFlagImageUrl": "https://flagcdn.com/w320/br.png"
    },
    {
        "id": 19,
        "name": "Tianjin",
        "cityPhotoFilename": "Tianjin",
        "country": "China",
        "definition": "Municipality",
        "population": 13866009,
        "latitude": 39.1467,
        "longitude": 117.2056,
        "cityWebsiteUrl": "http://www.chinatoday.com/city/tianjin.htm",
        "countryFlagImageUrl": "https://flagcdn.com/w320/cn.png"
    },
    {
        "id": 20,
        "name": "Los Angeles",
        "cityPhotoFilename": "LosAngeles",
        "country": "United States",
        "definition": "City",
        "population": 3990456,
        "latitude": 34.052235,
        "longitude": -118.243683,
        "cityWebsiteUrl": "https://www.lacity.org/",
        "countryFlagImageUrl": "https://flagcdn.com/w320/us.png"
    },
    {
        "id": 21,
        "name": "Moscow",
        "cityPhotoFilename": "Moscow",
        "country": "Russia",
        "definition": "Federal City",
        "population": 13200000,
        "latitude": 55.7558,
        "longitude": 37.6178,
        "cityWebsiteUrl": "https://en.wikipedia.org/wiki/Moscow",
        "countryFlagImageUrl": "https://flagcdn.com/w320/ru.png"
    },
    {
        "id": 22,
        "name": "Lahore",
        "cityPhotoFilename": "Lahore",
        "country": "Pakistan",
        "definition": "Metropolitan City",
        "population": 11126000,
        "latitude": 31.5497,
        "longitude": 74.3436,
        "cityWebsiteUrl": "https://en.wikipedia.org/wiki/Lahore",
        "countryFlagImageUrl": "https://flagcdn.com/w320/pk.png"
    },
    {
        "id": 23,
        "name": "Bangalore",
        "cityPhotoFilename": "Bangalore",
        "country": "India",
        "definition": "Municipality",
        "population": 8443675,
        "latitude": 12.9699,
        "longitude": 77.598,
        "cityWebsiteUrl": "https://bengaluruurban.nic.in/en/",
        "countryFlagImageUrl": "https://flagcdn.com/w320/in.png"
    },
    {
        "id": 24,
        "name": "Paris",
        "cityPhotoFilename": "Paris",
        "country": "France",
        "definition": "Commune",
        "population": 2148271,
        "latitude": 48.8566,
        "longitude": 2.3522,
        "cityWebsiteUrl": "https://www.paris.fr/",
        "countryFlagImageUrl": "https://flagcdn.com/w320/fr.png"
    },
    {
        "id": 25,
        "name": "Bogota",
        "cityPhotoFilename": "Bogota",
        "country": "Colombia",
        "definition": "Capital District",
        "population": 7963000,
        "latitude": 4.6126,
        "longitude": -74.0705,
        "cityWebsiteUrl": "https://colombia.travel/en/bogota",
        "countryFlagImageUrl": "https://flagcdn.com/w320/co.png"
    },
    {
        "id": 26,
        "name": "Jakarta",
        "cityPhotoFilename": "Jakarta",
        "country": "Indonesia",
        "definition": "Special Capital Region",
        "population": 10154134,
        "latitude": -6.2146,
        "longitude": 106.8451,
        "cityWebsiteUrl": "https://en.wikipedia.org/wiki/Jakarta",
        "countryFlagImageUrl": "https://flagcdn.com/w320/id.png"
    },
    {
        "id": 27,
        "name": "Chennai",
        "cityPhotoFilename": "Chennai",
        "country": "India",
        "definition": "Municipality",
        "population": 6727000,
        "latitude": 13.0825,
        "longitude": 80.275,
        "cityWebsiteUrl": "https://chennai.nic.in/",
        "countryFlagImageUrl": "https://flagcdn.com/w320/in.png"
    },
    {
        "id": 28,
        "name": "Lima",
        "cityPhotoFilename": "Lima",
        "country": "Peru",
        "definition": "Metropolitan Municipality",
        "population": 8894000,
        "latitude": -12.05,
        "longitude": -77.0333,
        "cityWebsiteUrl": "https://en.wikipedia.org/wiki/Lima",
        "countryFlagImageUrl": "https://flagcdn.com/w320/pe.png"
    },
    {
        "id": 29,
        "name": "Bangkok",
        "cityPhotoFilename": "Bangkok",
        "country": "Thailand",
        "definition": "Special Administrative Area",
        "population": 8305218,
        "latitude": 13.75,
        "longitude": 100.5167,
        "cityWebsiteUrl": "https://en.wikipedia.org/wiki/Bangkok",
        "countryFlagImageUrl": "https://flagcdn.com/w320/th.png"
    },
    {
        "id": 30,
        "name": "Seoul",
        "cityPhotoFilename": "Seoul",
        "country": "South Korea",
        "definition": "Special City",
        "population": 10013781,
        "latitude": 37.56,
        "longitude": 126.99,
        "cityWebsiteUrl": "https://english.seoul.go.kr/",
        "countryFlagImageUrl": "https://flagcdn.com/w320/kr.png"
    },
    {
        "id": 31,
        "name": "Nagoya",
        "cityPhotoFilename": "Nagoya",
        "country": "Japan",
        "definition": "Designated City",
        "population": 2320361,
        "latitude": 35.1167,
        "longitude": 136.9333,
        "cityWebsiteUrl": "https://www.city.nagoya.jp/en/",
        "countryFlagImageUrl": "https://flagcdn.com/w320/jp.png"
    },
    {
        "id": 32,
        "name": "Hyderabad",
        "cityPhotoFilename": "Hyderabad",
        "country": "India",
        "definition": "Municipality",
        "population": 6993262,
        "latitude": 17.3667,
        "longitude": 78.4667,
        "cityWebsiteUrl": "https://hyderabad.telangana.gov.in/",
        "countryFlagImageUrl": "https://flagcdn.com/w320/in.png"
    },
    {
        "id": 33,
        "name": "London",
        "cityPhotoFilename": "London",
        "country": "United Kingdom",
        "definition": "Capital City",
        "population": 8825001,
        "latitude": 51.5072,
        "longitude": -0.1275,
        "cityWebsiteUrl": "https://www.london.gov.uk/in-my-area/city-london",
        "countryFlagImageUrl": "https://flagcdn.com/w320/gb.png"
    },
    {
        "id": 34,
        "name": "Tehran",
        "cityPhotoFilename": "Tehran",
        "country": "Iran",
        "definition": "Capital City",
        "population": 9033003,
        "latitude": 35.7,
        "longitude": 51.4167,
        "cityWebsiteUrl": "https://en.tehran.ir/",
        "countryFlagImageUrl": "https://flagcdn.com/w320/ir.png"
    }
]
