<?xml version="1.0" encoding="UTF-8" standalone="yes"?>
<model type="com.apple.IDECoreDataModeler.DataModel" documentVersion="1.0" lastSavedToolsVersion="19574" systemVersion="20G95" minimumToolsVersion="Automatic" sourceLanguage="Swift" userDefinedModelVersionIdentifier="">
    <entity name="Diary" representedClassName=".Diary" syncable="YES">
        <attribute name="audio" optional="YES" attributeType="Binary"/>
        <attribute name="date" optional="YES" attributeType="String"/>
        <attribute name="diaryEntry" optional="YES" attributeType="String"/>
        <attribute name="title" optional="YES" attributeType="String"/>
        <attribute name="youTubeId" optional="YES" attributeType="String"/>
        <relationship name="photo" optional="YES" maxCount="1" deletionRule="Nullify" destinationEntity="Photo" inverseName="diary" inverseEntity="Photo"/>
    </entity>
    <entity name="Photo" representedClassName=".Photo" syncable="YES">
        <attribute name="author" optional="YES" attributeType="String"/>
        <attribute name="photoData" optional="YES" attributeType="Binary"/>
        <attribute name="photoUrl" optional="YES" attributeType="String"/>
        <attribute name="profileUrl" optional="YES" attributeType="String"/>
        <relationship name="diary" optional="YES" maxCount="1" deletionRule="Nullify" destinationEntity="Diary" inverseName="photo" inverseEntity="Diary"/>
    </entity>
    <elements>
        <element name="Diary" positionX="-63" positionY="-18" width="128" height="119"/>
        <element name="Photo" positionX="-45" positionY="36" width="128" height="104"/>
    </elements>
</model>