[
    {
        "id": 1,
        "title": "How to manage your time",
        "category": "Education",
        "description": "Time management is the process of planning and exercising conscious control of time spent on specific activities, especially to increase effectiveness, efficiency, and productivity.",
        "dateCreated": "2022-02-09",
        "video": {"title": "Parkinson's Law - Manage Your Time More Effectively", "youTubeId": "tlddeUri3GM", "description": "Let me introduce you to the Parkinson's Law. The law states this: 'Work expands so as to fill the time available for its completion.' Essentially the more time you have to complete something, the longer it will take you to finish it. And the less time you have to complete your goal, the more likely it is that you'll complete it in proposed time. But if a goal or a task does not have a specific deadline set, it will most likely never get done. In this video you'll learn how to use the Parkinson's Law to your advantage and manage your time more effectively thanks to it.", "datePublished": "2019-03-13", "duration": "00:06:34", "furtherInfoUrl": "https://www.btytraining.com/"},
        "audio": {"filename": "HowToAudio1", "title": "How to manage your time - personal notes", "duration": "00:00:02.89"},
        "photo": {"filename": "HowToPhoto1", "title": "Photo about: How to manage your time", "description": "This photo is about how to manage your time"},
        "publisher": {"name": "Better Than Yesterday", "latitude": 40.222961, "longitude": -83.3745176, "websiteUrl": "https://www.btytraining.com/"}
    },
    {
        "id": 2,
        "title": "How to apply to graduate school",
        "category": "Education",
        "description": "Graduate education provides students with more advanced learning in a specialized discipline or sub-discipline. Graduate school gives an in-depth understanding such that the student acquires expertise in the topic of study.",
        "dateCreated": "2022-02-09",
        "video": {"title": "Applying to Graduate School? Here's How To Pay For It", "youTubeId": "n0auJ7WxZnU", "description": "If you’re considering graduate school in 2022, make sure you have a funding plan in place ahead of time. Costs for graduate school can vary greatly depending on the type and length of the program, but there are opportunities to help cut down out-of-pocket costs. Cecilia Clark, our student loans expert, walks through all of the options available, and how to get started.", "datePublished": "2021-11-23", "duration": "00:06:50", "furtherInfoUrl": "https://www.nerdwallet.com/article/loans/student-loans/financial-aid-for-graduate-school-who-qualifies-and-how-to-apply"},
        "audio": {"filename": "HowToAudio2", "title": "How to apply to graduate school - personal notes", "duration": "00:00:03.97"},
        "photo": {"filename": "HowToPhoto2", "title": "Photo about: How to apply to graduate school", "description": "This photo is about how to apply to graduate school"},
        "publisher": {"name": "NerdWallet, Inc.", "latitude": 37.7763851, "longitude": -122.4186352, "websiteUrl": "https://www.nerdwallet.com/"}
    },
    {
        "id": 3,
        "title": "How to back up your iPhone or iPad to iCloud",
        "category": "Technology",
        "description": "A backup allows you to copy and save the information from your iPhone, iPad, or iPod touch. If you replace your device, you can use a backup to transfer your information to a new device.",
        "dateCreated": "2022-01-19",
        "video": {"title": "How to back up your iPhone, iPad, or iPod touch to iCloud", "youTubeId": "BoOn970anBQ", "description": "Keep your important information on your iPhone, iPad, or iPod touch backed up with iCloud. That way if anything ever happens to your device, you can pick up right where you left off. Here’s how to use iCloud Backup.", "datePublished": "2021-09-23", "duration": "00:00:39", "furtherInfoUrl": "https://apple.co/3kugf8R"},
        "audio": {"filename": "HowToAudio3", "title": "How to back up your iPhone or iPad to iCloud - personal notes", "duration": "00:00:05.07"},
        "photo": {"filename": "HowToPhoto3", "title": "Photo about: How to back up your iPhone or iPad to iCloud", "description": "This photo is about how to back up your iPhone or iPad to iCloud"},
        "publisher": {"name": "Apple, Inc.", "latitude": 37.334648, "longitude": -122.011166, "websiteUrl": "https://www.apple.com/"}
    },
    {
        "id": 4,
        "title": "How to buy a new car",
        "category": "Finance",
        "description": "Think about what car model and options you want and how much you're willing to spend. Do some research. You'll be less likely to feel pressured into making a hasty or expensive decision at the showroom and more likely to get a better deal.",
        "dateCreated": "2022-01-06",
        "video": {"title": "Tips for Buying a New Car", "youTubeId": "8XR-_rhLzeY", "description": "There are a lot of things to consider when buying a new car. Consumer Reports’ expert explains what to look for before taking a test drive.", "datePublished": "2020-05-11", "duration": "00:05:58", "furtherInfoUrl": "https://www.ConsumerReports.org"},
        "audio": {"filename": "HowToAudio4", "title": "How to buy a new car - personal notes", "duration": "00:00:02.92"},
        "photo": {"filename": "HowToPhoto4", "title": "Photo about: How to buy a new car", "description": "This photo is about how to buy a new car"},
        "publisher": {"name": "Consumer Reports, Inc.", "latitude": 37.7737127, "longitude": -122.4196852, "websiteUrl": "https://www.ConsumerReports.org"}
    },
    {
        "id": 5,
        "title": "How to change a flat tire",
        "category": "Education",
        "description": "A flat tire is an inconvenience that almost everyone experiences at some point while owning their car, and having the right tools, resources, and knowledge can make flat tire repairs or changing a tire using a spare hassle-free.",
        "dateCreated": "2022-02-07",
        "video": {"title": "How To: Change a Flat Tire", "youTubeId": "owHHcbrytvU", "description": "This helpful, step-by-step video details a tire change and flat tire replacement to help you get your car, truck, or SUV back on the road. If you have a functioning spare tire or donut, the right tools and safety equipment, and you want to change or fix a flat tire yourself, you can avoid researching 'flat tire repair near me' thanks to this step-by-step video.", "datePublished": "2018-05-01", "duration": "00:05:33", "furtherInfoUrl": "https://www.oreillyauto.com/how-to-hub/diy-flat-tire-change"},
        "audio": {"filename": "HowToAudio5", "title": "How to change a flat tire - personal notes", "duration": "00:00:03.03"},
        "photo": {"filename": "HowToPhoto5", "title": "Photo about: How to change a flat tire", "description": "This photo is about how to change a flat tire"},
        "publisher": {"name": "O'Reilly Auto Parts, Inc.", "latitude": 37.2076635, "longitude": -93.2514425, "websiteUrl": "https://www.oreillyauto.com/"}
    },
    {
        "id": 6,
        "title": "How to pay using Apple Pay in stores and other places",
        "category": "Technology",
        "description": "Apple Pay is a mobile payment and digital wallet service by Apple Inc. that allows users to make payments in person, in iOS apps, and on the web using Safari. It is supported on the iPhone, Apple Watch, iPad, and Mac.",
        "dateCreated": "2021-12-04",
        "video": {"title": "How to use Apple Pay", "youTubeId": "uDQKTPuC0oA", "description": "With Apple Pay, you can easily and securely pay for items using your iPhone, iPad, Apple Watch, or Mac. Learn more about how it works and where you can use it.", "datePublished": "2020-08-31", "duration": "00:01:59", "furtherInfoUrl": "https://apple.co/3jw9AYK"},
        "audio": {"filename": "HowToAudio6", "title": "How to pay using Apple Pay in stores and other places - personal notes", "duration": "00:00:05.58"},
        "photo": {"filename": "HowToPhoto6", "title": "Photo about: How to pay using Apple Pay in stores and other places", "description": "This photo is about how to pay using Apple Pay in stores and other places"},
        "publisher": {"name": "Apple, Inc.", "latitude": 37.334648, "longitude": -122.011166, "websiteUrl": "https://www.apple.com/"}
    },
    {
        "id": 7,
        "title": "How to avoid a phishing attack",
        "category": "Technology",
        "description": "Phishing is a cybercrime in which a target or targets are contacted by email, telephone or text message by someone posing as a legitimate institution to lure individuals into providing sensitive data such as personally identifiable information, banking and credit card details, and passwords.",
        "dateCreated": "2021-11-23",
        "video": {"title": "How to identify, avoid, and report phishing", "youTubeId": "SR3Z3fXXjfw", "description": "Check out these tips to avoid phishing scams and learn what to do if you think that you've received a suspicious or fake email.", "datePublished": "2018-08-20", "duration": "00:01:59", "furtherInfoUrl": "https://apple.co/2OINZgg"},
        "audio": {"filename": "HowToAudio7", "title": "How to avoid a phishing attack - personal notes", "duration": "00:00:03.38"},
        "photo": {"filename": "HowToPhoto7", "title": "Photo about: How to avoid a phishing attack", "description": "This photo is about how to avoid a phishing attack"},
        "publisher": {"name": "Apple, Inc.", "latitude": 37.334648, "longitude": -122.011166, "websiteUrl": "https://www.apple.com/"}
    },
    {
        "id": 8,
        "title": "How to gain the skill of Mindful Living",
        "category": "Lifestyle",
        "description": "Mindful living is about living with awareness in the present moment. The mindful living meaning involves taking care of your actions, words, and feelings to ensure that you live a good and present life. It's about not letting life pass you by while living in reactions and in your head.",
        "dateCreated": "2022-02-15",
        "video": {"title": "How to Practice Mindfulness", "youTubeId": "bLpChrgS0AY", "description": "Practicing mindfulness through meditation or other techniques improves both mental and physical health. Follow this body scan exercise to help improve focus and overall wellbeing.", "datePublished": "2020-06-23", "duration": "00:03:53", "furtherInfoUrl": "https://psychhub.com/"},
        "audio": {"filename": "HowToAudio8", "title": "How to gain the skill of Mindful Living - personal notes", "duration": "00:00:04.53"},
        "photo": {"filename": "HowToPhoto8", "title": "Photo about: How to gain the skill of Mindful Living", "description": "This photo is about how to gain the skill of Mindful Living"},
        "publisher": {"name": "Psych Hub", "latitude": 36.1568316, "longitude": -86.7892192, "websiteUrl": "https://psychhub.com/"}
    },
    {
        "id": 9,
        "title": "How to make ice cream",
        "category": "Food",
        "description": "Ice cream is a mixture of milk, cream, sugar, and sometimes other ingredients that has been frozen into a soft, creamy delight using special techniques.",
        "dateCreated": "2022-03-01",
        "video": {"title": "How to Make the Best Homemade Ice Cream and The Science Behind It | Ice Cream | What's Eating Dan?", "youTubeId": "St-8kZ7vmfI", "description": "This week Dan delves into the science of one of our favorite desserts: ice cream. He explains why texture is so important to our experience of the frozen dessert and explains the formula for getting perfect results at home.", "datePublished": "2018-07-28", "duration": "00:06:42", "furtherInfoUrl": "https://cooks.io/2M2RflC"},
        "audio": {"filename": "HowToAudio9", "title": "How to make ice cream - personal notes", "duration": "00:00:02.70"},
        "photo": {"filename": "HowToPhoto9", "title": "Photo about: How to make ice cream", "description": "This photo is about how to make ice cream"},
        "publisher": {"name": "America's Test Kitchen", "latitude": 42.3444397, "longitude": -71.0332532, "websiteUrl": "https://www.americastestkitchen.com/"}
    },
    {
        "id": 10,
        "title": "How to be happy",
        "category": "Lifestyle",
        "description": "The term happiness is used in the context of mental or emotional states, including positive or pleasant emotions ranging from contentment to intense joy. It is also used in the context of life satisfaction, subjective well-being, eudaimonia, flourishing and well-being.",
        "dateCreated": "2022-02-18",
        "video": {"title": "How to Be Happy Every Day: It Will Change the World | Jacqueline Way | TEDxStanleyPark", "youTubeId": "78nsxRxbf4w", "description": "The World Happiness Report states 'Over 1 billion adults suffer from anxiety and depression.' How do we get to be happy? Jacqueline Way, Founder of www.365give.ca shares a secret to happiness so simple a 3 – year old can do it.", "datePublished": "2017-04-04", "duration": "00:15:43", "furtherInfoUrl": "https://www.ted.com/tedx"},
        "audio": {"filename": "HowToAudio10", "title": "How to be happy - personal notes", "duration": "00:00:02.34"},
        "photo": {"filename": "HowToPhoto10", "title": "Photo about: How to be happy", "description": "This photo is about how to be happy"},
        "publisher": {"name": "TED Conferences, LLC", "latitude": 40.7270769, "longitude": -74.0091621, "websiteUrl": "https://www.ted.com/"}
    },
    {
        "id": 11,
        "title": "How to Create a Company",
        "category": "Business",
        "description": "Starting a business entails understanding and dealing with many issues — legal, financing, sales and marketing, intellectual property protection, liability protection, human resources, and more.",
        "dateCreated": "2022-03-03",
        "video": {"title": "How to Create a Company | Elon Musk's 5 Rules", "youTubeId": "Qa_4c9zrxf0", "description": "'Starting and growing a business is as much about the innovation, drive and determination of the people who do it as it is about the product they sell'  — Elon Musk.", "datePublished": "2020-11-08", "duration": "00:04:52", "furtherInfoUrl": "https://www.tesla.com/"},
        "audio": {"filename": "HowToAudio11", "title": "How to Create a Company - personal notes", "duration": "00:00:02.96"},
        "photo": {"filename": "HowToPhoto11", "title": "Photo about: How to Create a Company", "description": "This photo is about how to Create a Company"},
        "publisher": {"name": "Tesla, Inc.", "latitude": 30.2293081, "longitude": -97.6184152, "websiteUrl": "https://www.tesla.com/"}
    },
    {
        "id": 12,
        "title": "How to invest in the stock market",
        "category": "Finance",
        "description": "Investing in stocks just means buying tiny shares of ownership in a public company. Those small shares are known as the company's stock, and by investing in it, you're hoping the company grows and performs well over time.",
        "dateCreated": "2022-02-17",
        "video": {"title": "How to Buy Stocks in 4 Steps for Beginners", "youTubeId": "ieuzJ5B5Lr8", "description": "So, you’re at square one: You’ve never traded a stock before. Join TD Ameritrade Education Coach Cameron May as he walks you through the basics of how to invest in stocks: what a stock is, a few ways to evaluate a stock’s potential, and how to actually place the trade.", "datePublished": "2020-08-17", "duration": "00:33:51", "furtherInfoUrl": "https://www.tdameritrade.com"},
        "audio": {"filename": "HowToAudio12", "title": "How to invest in the stock market - personal notes", "duration": "00:00:03.49"},
        "photo": {"filename": "HowToPhoto12", "title": "Photo about: How to invest in the stock market", "description": "This photo is about how to invest in the stock market"},
        "publisher": {"name": "TD Ameritrade", "latitude": 41.2599775, "longitude": -96.0856629, "websiteUrl": "https://www.tdameritrade.com"}
    },
    {
        "id": 13,
        "title": "How to make pancakes",
        "category": "Food",
        "description": "A pancake is a flat cake, often thin and round, prepared from a starch-based batter that may contain eggs, milk and butter and cooked on a hot surface such as a griddle or frying pan, often frying with oil or butter. It is a type of batter bread.",
        "dateCreated": "2022-03-08",
        "video": {"title": "How to Make the Easiest Pancakes Ever", "youTubeId": "Lm2dq55phHo", "description": "Hosts Julia Collin Davison and Bridget Lancaster teach viewers how to make Easy Pancakes.", "datePublished": "2020-06-19", "duration": "00:08:04", "furtherInfoUrl": "https://cooks.io/3a70gGv"},
        "audio": {"filename": "HowToAudio13", "title": "How to make pancakes - personal notes", "duration": "00:00:02.63"},
        "photo": {"filename": "HowToPhoto13", "title": "Photo about: How to make pancakes", "description": "This photo is about how to make pancakes"},
        "publisher": {"name": "America's Test Kitchen", "latitude": 42.3444397, "longitude": -71.0332532, "websiteUrl": "https://www.americastestkitchen.com/"}
    },
    {
        "id": 14,
        "title": "How to lose weight",
        "category": "Health",
        "description": "Your weight is a balancing act, and calories are part of that equation. Weight loss comes down to burning more calories than you take in. You can do that by reducing extra calories from food and beverages, and increasing calories burned through physical activity.",
        "dateCreated": "2022-03-10",
        "video": {"title": "How to Lose Weight According to Your Body Type", "youTubeId": "0-FWMuPS8cQ", "description": "FInd out how to live a healthier life with Sharecare!", "datePublished": "2019-08-07", "duration": "00:08:45", "furtherInfoUrl": "https://doctoroz.com/"},
        "audio": {"filename": "HowToAudio14", "title": "How to lose weight - personal notes", "duration": "00:00:02.56"},
        "photo": {"filename": "HowToPhoto14", "title": "Photo about: How to lose weight", "description": "This photo is about how to lose weight"},
        "publisher": {"name": "DoctorOz", "latitude": 40.122051, "longitude": -75.0494043, "websiteUrl": "https://doctoroz.com/"}
    },
    {
        "id": 15,
        "title": "How to meet and attract a perfect life partner",
        "category": "Lifestyle",
        "description": "Finding an ideal partnership is the product of chance, the proper mindset, and a healthy dose of positive energy. The relationship you can cultivate from an ideal partnership can make life itself more meaningful, and more fun. Of course, it can't be forced.",
        "dateCreated": "2022-03-17",
        "video": {"title": "How to find your perfect partner | Nancy Benitez | TEDxTenayaPaseo", "youTubeId": "yJ9muydv-Tg", "description": "What if you were so clear and confident in your core values and who you were that no one could convince you to compromise or negotiate on what you wanted in your ideal partner? Through Clarity, Self Reflection and Action you can attract your perfect partner that is also attracting you!", "datePublished": "2021-05-04", "duration": "00:13:49", "furtherInfoUrl": "https://www.ted.com/tedx"},
        "audio": {"filename": "HowToAudio15", "title": "How to meet and attract a perfect life partner - personal notes", "duration": "00:00:04.81"},
        "photo": {"filename": "HowToPhoto15", "title": "Photo about: How to meet and attract a perfect life partner", "description": "This photo is about how to meet and attract a perfect life partner"},
        "publisher": {"name": "TED Conferences, LLC", "latitude": 40.7270769, "longitude": -74.0091621, "websiteUrl": "https://www.ted.com/"}
    },
    {
        "id": 16,
        "title": "How to manage your personal finances",
        "category": "Finance",
        "description": "Personal finance is a term that covers managing your money as well as saving and investing. It encompasses budgeting, banking, insurance, mortgages, investments, retirement planning, and tax and estate planning. The term often refers to the entire industry that provides financial services to individuals and households and advises them about financial and investment opportunities.",
        "dateCreated": "2022-02-11",
        "video": {"title": "How to Manage Your Money: Six Principles of Personal Finance", "youTubeId": "vl2sasYSY4E", "description": "Mastering personal finance requires more than life hacks — you have to look at your financial situation holistically and come up with a plan for how to manage your money. In this video, we’ll look at helpful principles for six personal finance topics: budgeting, saving, debt, taxes, insurance, and investing for retirement.", "datePublished": "2020-02-27", "duration": "00:06:45", "furtherInfoUrl": "https://www.tdameritrade.com"},
        "audio": {"filename": "HowToAudio16", "title": "How to manage your personal finances - personal notes", "duration": "00:00:03.77"},
        "photo": {"filename": "HowToPhoto16", "title": "Photo about: How to manage your personal finances", "description": "This photo is about how to manage your personal finances"},
        "publisher": {"name": "TD Ameritrade", "latitude": 41.2599775, "longitude": -96.0856629, "websiteUrl": "https://www.tdameritrade.com"}
    },
    {
        "id": 17,
        "title": "How to perform CPR",
        "category": "Health",
        "description": "CPR – or CardioPulmonary Resuscitation – is an emergency lifesaving procedure performed when the heart stops beating. Immediate CPR can double or triple chances of survival after cardiac arrest.",
        "dateCreated": "2022-03-12",
        "video": {"title": "Hands Only CPR Video - Live Training Version", "youTubeId": "XpEvQuOWME0", "description": "For AHA Instructors and Training Centers, this Hands-Only CPR demo video adds a full 60 seconds of compression practice time. This additional practice time will be helpful in large, live Hands-Only CPR training sessions to ensure that participants have the time needed to practice compressions to the correct beat.", "datePublished": "2018-02-15", "duration": "00:02:06", "furtherInfoUrl": "https://international.heart.org/hands-only-cpr/"},
        "audio": {"filename": "HowToAudio17", "title": "How to perform CPR - personal notes", "duration": "00:00:02.85"},
        "photo": {"filename": "HowToPhoto17", "title": "Photo about: How to perform CPR", "description": "This photo is about how to perform CPR"},
        "publisher": {"name": "American Heart Association, Inc.", "latitude": 32.8782316, "longitude": -96.7618788, "websiteUrl": "https://www.heart.org/"}
    },
    {
        "id": 18,
        "title": "How to write a resume",
        "category": "Education",
        "description": "A résumé, sometimes spelled resume, called a CV in English outside North America, is a document created and used by a person to present his or her background, skills, and accomplishments. Résumés can be used for a variety of reasons, but most often they are used to secure new employment.",
        "dateCreated": "2022-01-14",
        "video": {"title": "How to Write the Best Resume in 2022 - New Template and Examples Included", "youTubeId": "r_Wf532f5X4", "description": "Are you discouraged by the lack of attention your resume is getting? Do you have a hard time pinpointing your strengths and highlighting your accomplishments? Maybe you've always landed jobs through word of mouth and now you need your resume to do the heavy lifting for you.", "datePublished": "2021-01-12", "duration": "00:14:11", "furtherInfoUrl": "https://heatheraustin.online/"},
        "audio": {"filename": "HowToAudio18", "title": "How to write a resume - personal notes", "duration": "00:00:02.78"},
        "photo": {"filename": "HowToPhoto18", "title": "Photo about: How to write a resume", "description": "This photo is about how to write a resume"},
        "publisher": {"name": "Professor Heather Austin", "latitude": 40.7765228, "longitude": -112.0609096, "websiteUrl": "https://www.linkedin.com/in/heather-austin/"}
    },
    {
        "id": 19,
        "title": "How to restore your iPhone if you forgot your passcode",
        "category": "Technology",
        "description": "If you want to protect your iPad or iPhone from prying eyes, you need to set a passcode. It's a 4- to 6-digit password used to grant access to the device, similar to the code you use for an ATM bank card or a debit card.",
        "dateCreated": "2022-03-13",
        "video": {"title": "How to restore your iPhone if you forgot your passcode - Apple Support", "youTubeId": "7s8-zLG9ySQ", "description": "If you're unable to unlock your iPhone or iPod touch, even after troubleshooting, here's how to erase your device and restore it to factory settings.", "datePublished": "2020-02-11", "duration": "00:05:16", "furtherInfoUrl": "https://apple.co/2GdTbEy"},
        "audio": {"filename": "HowToAudio19", "title": "How to restore your iPhone if you forgot your passcode - personal notes", "duration": "00:00:04.75"},
        "photo": {"filename": "HowToPhoto19", "title": "Photo about: How to restore your iPhone if you forgot your passcode", "description": "This photo is about how to restore your iPhone if you forgot your passcode"},
        "publisher": {"name": "Apple, Inc.", "latitude": 37.334648, "longitude": -122.011166, "websiteUrl": "https://www.apple.com/"}
    },
    {
        "id": 20,
        "title": "How to perform the Heimlich Maneuver to a choking victim",
        "category": "Health",
        "description": "Abdominal thrusts, also known as the Heimlich maneuver or Heimlich manoeuvre, is a first aid procedure used to treat upper airway obstructions by foreign objects. American doctor Henry Heimlich is often credited for its discovery.",
        "dateCreated": "2022-03-20",
        "video": {"title": "Mayo Clinic Minute: A quick guide to the Heimlich maneuver", "youTubeId": "2dn13zneEjo", "description": "It can happen in an instant. According to the National Safety Council, roughly 5,000 people die from choking each year. Josh Moeckly, a Mayo Clinic cardiac nurse, says, when you see someone choking, it’s important to remain calm as you let them know you’re about to help.", "datePublished": "2018-07-05", "duration": "00:00:59", "furtherInfoUrl": "https://newsnetwork.mayoclinic.org/discussion/saving-lives-with-the-heimlich-maneuver/"},
        "audio": {"filename": "HowToAudio20", "title": "How to perform the Heimlich Maneuver to a choking victim - personal notes", "duration": "00:00:04.76"},
        "photo": {"filename": "HowToPhoto20", "title": "Photo about: How to perform the Heimlich Maneuver to a choking victim", "description": "This photo is about how to perform the Heimlich Maneuver to a choking victim"},
        "publisher": {"name": "Mayo Clinic", "latitude": 44.0226729, "longitude": -92.4689448, "websiteUrl": "https://www.mayoclinic.org/"}
    },
    {
        "id": 21,
        "title": "How to start an e-commerce business",
        "category": "Business",
        "description": "E-commerce, also known as electronic commerce or internet commerce, refers to the buying and selling of goods or services using the internet, and the transfer of money and data to execute these transactions.",
        "dateCreated": "2022-03-06",
        "video": {"title": "How to start an e-commerce business 2022", "youTubeId": "haYgjs5zUtE", "description": "Watch this video to learn about starting an e-commerce business", "datePublished": "2021-07-13", "duration": "00:03:53", "furtherInfoUrl": "https://intuit.me/2Sc1QmN"},
        "audio": {"filename": "HowToAudio21", "title": "How to start an e-commerce business - personal notes", "duration": "00:00:03.50"},
        "photo": {"filename": "HowToPhoto21", "title": "Photo about: How to start an e-commerce business", "description": "This photo is about how to start an e-commerce business"},
        "publisher": {"name": "Intuit Inc.", "latitude": 37.4306146, "longitude": -122.0982586, "websiteUrl": "https://quickbooks.intuit.com/"}
    },
    {
        "id": 22,
        "title": "How to prevent the next pandemic",
        "category": "Health",
        "description": "A pandemic is an epidemic of an infectious disease that has spread across a large region, for instance multiple continents or worldwide, affecting a substantial number of individuals.",
        "dateCreated": "2022-02-09",
        "video": {"title": "How to Prevent the Next Pandemic", "youTubeId": "YsBfzNeUNQ0", "description": "If we make the right choices and investments, we can make COVID-19 the last pandemic. My new book ‘How to Prevent the Next Pandemic’ lays out a step-by-step plan about how we can make sure that no one suffers through the misery of the last two years again. It’s coming out on May 3.", "datePublished": "2022-02-08", "duration": "00:01:24", "furtherInfoUrl": "https://gatesnot.es/3HDAPwI"},
        "audio": {"filename": "HowToAudio22", "title": "How to prevent the next pandemic - personal notes", "duration": "00:00:03.37"},
        "photo": {"filename": "HowToPhoto22", "title": "Photo about: How to prevent the next pandemic", "description": "This photo is about how to prevent the next pandemic"},
        "publisher": {"name": "The Gates Notes LLC", "latitude": 47.6237907, "longitude": -122.3483431, "websiteUrl": "https://www.gatesnotes.com/"}
    },
    {
        "id": 23,
        "title": "How to protect yourself against cyber attacks",
        "category": "Technology",
        "description": "Cyber attacks are unwelcome attempts to steal, expose, alter, disable or destroy information through unauthorized access to computer systems.",
        "dateCreated": "2022-03-07",
        "video": {"title": "How to protect yourself from cybersecurity threats", "youTubeId": "6bCUSYWGAZk", "description": "Organizations need to protect data, identities, systems, and applications; but in a hyperconnected world, it can be difficult to know where to start. Try these simple steps to protect your organization from cyberattacks.", "datePublished": "2020-09-15", "duration": "00:02:28", "furtherInfoUrl": "https://msft.it/6003TsRKV"},
        "audio": {"filename": "HowToAudio23", "title": "How to protect yourself against cyber attacks - personal notes", "duration": "00:00:03.98"},
        "photo": {"filename": "HowToPhoto23", "title": "Photo about: How to protect yourself against cyber attacks", "description": "This photo is about how to protect yourself against cyber attacks"},
        "publisher": {"name": "Microsoft Security", "latitude": 47.6422344, "longitude": -122.1391272, "websiteUrl": "https://www.microsoft.com/"}
    },
    {
        "id": 24,
        "title": "How to become successful in life",
        "category": "Lifestyle",
        "description": "How do we define success? Your individual definition of what success is may vary, but many might define it as being fulfilled, happy, safe, healthy, and loved. It is the ability to reach your goals in life, whatever those goals may be. There is no single right way to be successful. What works for you might not work for someone else.",
        "dateCreated": "2022-02-17",
        "video": {"title": "Elon Musk's Ultimate Advice for Students and College Grads - How to Succeed in Life", "youTubeId": "iuNJLtj10Lg", "description": "From 2 University Degrees to 20 Billion Dollars - This is Elon Musk's Ultimate Advice for high school students and college graduates. Can't find a job? Neither could billionaire Elon Musk. After receiving a Bachelor of Science degree in physics from the University of Pennsylvania and a Bachelor of Science degree in economics from its Wharton School of business, Elon Musk tried and failed to find a job at an internet company. He and his brother then decided to start a web software company called Zip2, and the rest is history!", "datePublished": "2018-04-29", "duration": "00:10:10", "furtherInfoUrl": "http://bit.ly/StudyMotivation"},
        "audio": {"filename": "HowToAudio24", "title": "How to become successful in life - personal notes", "duration": "00:00:03.45"},
        "photo": {"filename": "HowToPhoto24", "title": "Photo about: How to become successful in life", "description": "This photo is about how to become successful in life"},
        "publisher": {"name": "Motivation2Study", "latitude": 0.0, "longitude": 0.0, "websiteUrl": "https://www.motivation2study.com"}
    },
    {
        "id": 25,
        "title": "How to prepare for a job interview",
        "category": "Education",
        "description": "A job interview is an interview consisting of a conversation between a job applicant and a representative of an employer which is conducted to assess whether the applicant should be hired.",
        "dateCreated": "2022-02-10",
        "video": {"title": "How to prepare for an interview! (Job interview tips, questions & answers!)", "youTubeId": "FgXxFWkg628", "description": "In this tutorial, I will teach you how to prepare for an interview. So, if you have a job interview coming up soon for any role or company, make sure you stay tuned because I promise to help you be the standout candidate!", "datePublished": "2022-02-04", "duration": "00:17:38", "furtherInfoUrl": "https://passmyinterview.com/50-interview-questions-and-answers/"},
        "audio": {"filename": "HowToAudio25", "title": "How to prepare for a job interview - personal notes", "duration": "00:00:03.57"},
        "photo": {"filename": "HowToPhoto25", "title": "Photo about: How to prepare for a job interview", "description": "This photo is about how to prepare for a job interview"},
        "publisher": {"name": "CareerVidz", "latitude": 0.0, "longitude": 0.0, "websiteUrl": "https://www.linkedin.com/in/richard-mcmunn-coach/"}
    },
    {
        "id": 26,
        "title": "How to lose belly fat",
        "category": "Health",
        "description": "Belly fat refers to fat around the abdomen. There are two types of belly fat (a) Visceral: This fat surrounds a person’s organs, (b) Subcutaneous: This is fat that sits under the skin.",
        "dateCreated": "2022-02-16",
        "video": {"title": "How to Burn Belly Fat", "youTubeId": "9TMg06RtKec", "description": "Dr. Oz explains why belly fat is the easiest type of fat to lose on the body.", "datePublished": "2019-07-31", "duration": "00:03:29", "furtherInfoUrl": "http://bit.ly/SubscribeToSharecare"},
        "audio": {"filename": "HowToAudio26", "title": "How to lose belly fat - personal notes", "duration": "00:00:02.97"},
        "photo": {"filename": "HowToPhoto26", "title": "Photo about: How to lose belly fat", "description": "This photo is about how to lose belly fat"},
        "publisher": {"name": "DoctorOz", "latitude": 40.122051, "longitude": -75.0494043, "websiteUrl": "https://doctoroz.com/"}
    },
    {
        "id": 27,
        "title": "How to parallel park a car",
        "category": "Education",
        "description": "Parallel parking is a technique of parking parallel to the road, in line with other parked vehicles and facing in the same direction as traffic on that side of the road.",
        "dateCreated": "2022-03-09",
        "video": {"title": "How to Parallel Park Perfectly Every Time", "youTubeId": "nZmBW23Djjg", "description": "Finding parking is always a hassle, but perfectly parallel parking? That seems almost impossible. If you street park a car in a large city, you may dread every time you switch on your blinkers and start to back up. So, in order to ease all this pain and frustration, we teamed up with our dear friends at Jalopnik to put together this easy video guide on how to parallel park like a pro.", "datePublished": "2020-02-25", "duration": "00:02:23", "furtherInfoUrl": "https://lifehacker.com/how-to-parallel-park-perfectly-every-time-1841907192"},
        "audio": {"filename": "HowToAudio27", "title": "How to parallel park a car - personal notes", "duration": "00:00:03.46"},
        "photo": {"filename": "HowToPhoto27", "title": "Photo about: How to parallel park a car", "description": "This photo is about how to parallel park a car"},
        "publisher": {"name": "LifeHacker", "latitude": 0.0, "longitude": 0.0, "websiteUrl": "https://lifehacker.com/"}
    },
    {
        "id": 28,
        "title": "How to use AirDrop to transfer files between iPhone, iPad, and Mac",
        "category": "Technology",
        "description": "AirDrop is Apple Inc.'s technology that can be used to transfer files among supported Mac laptop, Mac desktop, iPhone, and iPad by means of close-range wireless communication.",
        "dateCreated": "2022-03-17",
        "video": {"title": "How To Use AirDrop", "youTubeId": "Y92C4-uP-pY", "description": "AirDrop is a simple tool that allows you to share files between Apple devices. Here is how to send and receive files using AirDrop.", "datePublished": "2020-11-10", "duration": "00:02:26", "furtherInfoUrl": "https://support.apple.com/en-us/HT204144"},
        "audio": {"filename": "HowToAudio28", "title": "How to use AirDrop to transfer files between iPhone, iPad, and Mac - personal notes", "duration": "00:00:06.90"},
        "photo": {"filename": "HowToPhoto28", "title": "Photo about: How to use AirDrop to transfer files between iPhone, iPad, and Mac", "description": "This photo is about how to use AirDrop to transfer files between iPhone, iPad, and Mac"},
        "publisher": {"name": "Tech Insider", "latitude": 0.0, "longitude": 0.0, "websiteUrl": "https://www.businessinsider.com/"}
    },
    {
        "id": 29,
        "title": "How to make Margherita pizza at home",
        "category": "Food",
        "description": "Pizza is a dish of Italian origin consisting of a usually round, flat base of leavened wheat-based dough topped with tomatoes, cheese, and often various other ingredients, which is then baked at a high temperature, traditionally in a wood-fired oven.",
        "dateCreated": "2022-01-19",
        "video": {"title": "Homemade Margherita Pizza Recipe", "youTubeId": "631lScH3Plw", "description": "If you've ever wanted to make a homemade Margherita Pizza Recipe, this is the recipe for you! This recipe will show you how to roll out the dough, assemble the pizza, and, most importantly, assemble a butter parmesan crust.", "datePublished": "2020-12-03", "duration": "00:05:52", "furtherInfoUrl": "https://foreignfork.com/margherita-pizza-recipe/"},
        "audio": {"filename": "HowToAudio29", "title": "How to make Margherita pizza at home - personal notes", "duration": "00:00:03.84"},
        "photo": {"filename": "HowToPhoto29", "title": "Photo about: How to make Margherita pizza at home", "description": "This photo is about how to make Margherita pizza at home"},
        "publisher": {"name": "The Foreign Fork", "latitude": 0.0, "longitude": 0.0, "websiteUrl": "https://foreignfork.com/"}
    },
    {
        "id": 30,
        "title": "How to get a car loan",
        "category": "Finance",
        "description": "A car loan (also known as an automobile loan, or auto loan) is a sum of money a consumer borrows in order to purchase a car.",
        "dateCreated": "2022-03-05",
        "video": {"title": "How to Get a Car Loan (The Right Way)", "youTubeId": "C3ma_enSYm8", "description": "When it comes to car loan financing, you've got to understand how it all works, so you don't go upside down in your car, and get ripped off at the dealer. I'll teach you how to finance a car by teaching three simple parts to the process.", "datePublished": "2018-09-01", "duration": "00:07:45", "furtherInfoUrl": "https://www.youtube.com/watch?v=rwOcAHTH4Os&list=PLOmIpJDqCR-L6xTFH83iG-hGK9aDpy17r"},
        "audio": {"filename": "HowToAudio30", "title": "How to get a car loan - personal notes", "duration": "00:00:02.62"},
        "photo": {"filename": "HowToPhoto30", "title": "Photo about: How to get a car loan", "description": "This photo is about how to get a car loan"},
        "publisher": {"name": "Honest Finance", "latitude": 0.0, "longitude": 0.0, "websiteUrl": "https://www.facebook.com/honestfinancechannel"}
    }
]
