[
    {
        "id": 1,
        "date": "2021-04-16",
        "title": "Paris",
        "diaryEntry": "I saw the Eiffel Tower!",
        "youTubeId": "qezUjVNQOT8",
        "audio": "Test",
        "photo": {"photoFilename": "Image1"},
    },
    {
        "id": 2,
        "date": "2021-04-23",
        "title": "Sunflower",
        "diaryEntry": "Took a picture of a sunflower.",
        "youTubeId": "",
        "audio": "Test",
        "photo": {"photoFilename": "Image2"},
    },
    {
        "id": 3,
        "date": "2021-05-15",
        "title": "Nice Picture",
        "diaryEntry": "I really liked this picture, so I'm putting it in my diary so I can use it in a jigsaw puzzle later.",
        "youTubeId": "xRjvmVaFHkk",
        "audio": "Test",
        "photo": {"photoFilename": "Image3"},
    },
    {
        "id": 4,
        "date": "2021-06-09",
        "title": "Mount Fuji",
        "diaryEntry": "Went to Japan to see mount Fuji. I didn't get to climb it or anything, but I got a nice photo of it.",
        "youTubeId": "xRjvmVaFHkk",
        "audio": "Test",
        "photo": {"photoFilename": "Image4"},
    },
    {
        "id": 5,
        "date": "2022-01-01",
        "title": "Waterfall",
        "diaryEntry": "Saw this awesome waterfall and I just had to take a photo of it. Turned out nice!",
        "youTubeId": "xRjvmVaFHkk",
        "audio": "Test",
        "photo": {"photoFilename": "Image5"},
    },
    {
        "id": 6,
        "date": "2022-01-01",
        "title": "Painting",
        "diaryEntry": "Just finished this painting for my art class. If all goes well, I'll get an A. :D",
        "youTubeId": "xRjvmVaFHkk",
        "audio": "Test",
        "photo": {"photoFilename": "Image6"},
    }
]
