[
    {
        "id": "8BAFF88A-66DC-4112-83BA-FC81E7756CF5",
        "sourceName": "Space.com",
        "author": "Elizabeth Howell",
        "title": "How NASA's James Webb Space Telescope will get ready for its first cosmic observations - Space.com",
        "description": "Webb's instruments are being switched on as the telescope continues its commissioning.",
        "url": "https://www.space.com/james-webb-space-telescope-activation-plans",
        "urlToImage": "https://cdn.mos.cms.futurecdn.net/vbLeCUro5mhp6ipPaxprxf-1200-80.jpg",
        "publishedAt": "2022-01-30T12:25:32Z",
        "content": "With NASA's newest space observatory exactly on schedule in its commissioning phase, the science team outlined their plan to make the most of this $10 billion opportunity. The James Webb Space Teles… [+8527 chars]"
    },
    {
        "id": "CE69EADA-C60E-4605-9D04-4974D6FEB6FE",
        "sourceName": "9to5Mac",
        "author": "Olivia Tambini",
        "title": "How to transfer Spotify songs to Apple Music, and more - 9to5Mac",
        "description": "With the FreeYourMusic app, it's possible to easily transfer your Spotify songs to Apple Music, Pandora, YouTube Music, Deezer, and more.",
        "url": "https://9to5mac.com/2022/01/30/how-to-transfer-spotify-apple-music/",
        "urlToImage": "https://i0.wp.com/9to5mac.com/wp-content/uploads/sites/6/2021/04/freeyourmusic-spotify-apple-music.jpg?resize=1200%2C628&quality=82&strip=all&ssl=1",
        "publishedAt": "2022-01-30T11:27:00Z",
        "content": "If you’ve ever thought about switching your Spotify subscription to Apple Music, Pandora, YouTube Music, Deezer, or vice versa, one thing that probably made you change your mind is “how am I going to… [+2336 chars]"
    },
    {
        "id": "407D33A2-49F7-47C9-B00D-2100DE824176",
        "sourceName": "Lifehacker.com",
        "author": "Khamosh Pathak",
        "title": "7 Tech Habits You Should Build (and the Best Apps to Get You Going)",
        "description": "For something that’s such a big part of our lives, we rarely think twice about how we spend time with technology. We’ll work towards building good real-world habits, but what about the hours we waste doomscrolling in bed?Read more...",
        "url": "https://lifehacker.com/7-tech-habits-you-should-build-and-the-best-apps-to-ge-1848382502",
        "urlToImage": "https://i.kinja-img.com/gawker-media/image/upload/c_fill,f_auto,fl_progressive,g_center,h_675,pg_1,q_80,w_1200/388304036d50e25e25c1ce6e66314943.jpg",
        "publishedAt": "2022-01-19T15:30:00Z",
        "content": "For something thats such a big part of our lives, we rarely think twice about how we spend time with technology. Well work towards building good real-world habits, but what about the hours we waste d… [+4723 chars]"
    },
    {
        "id": "A801EE79-3720-444A-8228-6E3D220A0E80",
        "sourceName": "Independent",
        "author": "Rob Merrick",
        "title": "Russian oligarchs in London to be hit with tough sanctions even if it hurts UK economy, Liz Truss vows - The Independent",
        "description": "‘We cannot favour short term economic interests over the long term survival of freedom and democracy in Europe’",
        "url": "https://www.independent.co.uk/news/uk/politics/russia-oligarchs-ukraine-liz-truss-b2003624.html",
        "urlToImage": "https://static.independent.co.uk/2022/01/30/09/urnpublicidap.org8a448a4231894e26952d7f0266d872d4.jpg?quality=75&width=1200&auto=webp",
        "publishedAt": "2022-01-30T10:24:14Z",
        "content": "Super-rich Russian oligarchs in London will be hit with tough new sanctions to deter Moscow from invading Ukraine, even if it hurts the UK economy, Liz Truss says. The foreign secretary rejected cla… [+2625 chars]"
    },
    {
        "id": "5CC786ED-5F52-4CAC-AD17-D0ED1F87D1C4",
        "sourceName": "CNA",
        "author": "9News Staff",
        "title": "China January factory activity growth slows, demand wanes as COVID-19 surges - CNA",
        "description": "BEIJING: Growth in China's factory activity slowed in January as a resurgence of COVID-19 cases and tough lockdowns hit production and demand, but the slight expansion offered some signs of resilience as the world's second-largest economy enters a likely bump…",
        "url": "https://www.channelnewsasia.com/business/china-january-factory-activity-pmi-2468601",
        "urlToImage": "https://onecms-res.cloudinary.com/image/upload/s--SakTWzjP--/c_crop%2Ch_450%2Cw_800%2Cx_0%2Cy_83/fl_relative%2Cg_south_east%2Cl_one-cms:core:watermark:reuters%2Cw_0.1/f_auto%2Cq_auto/c_fill%2Cg_auto%2Ch_676%2Cw_1200/v1/one-cms/core/2022-01-30t015906z_1_lynxmpei0t018_rtroptp_3_china-economy.jpg?itok=2h3nZxnj",
        "publishedAt": "2022-01-30T03:34:37Z",
        "content": "BEIJING: Growth in China's factory activity slowed in January as a resurgence of COVID-19 cases and tough lockdowns hit production and demand, but the slight expansion offered some signs of resilienc… [+3774 chars]"
    },
    {
        "id": "60DCAEF8-5D04-4F15-A7D0-D35851E87AF4",
        "sourceName": "MarketWatch",
        "author": "Mark DeCambre",
        "title": "Is it time to bail out of the stock market? Wild price swings are shaking the resolve of some investors. - MarketWatch",
        "description": "Is it time to bail? Here's what some financial pros are saying to help soothe the frayed nerves of their clients amid a stretch of topsy-turvy trade.",
        "url": "https://www.marketwatch.com/story/when-to-stop-investing-in-the-stock-market-wild-price-swings-are-shaking-the-resolve-of-some-is-it-time-to-bail-out-of-equities-and-bonds-11643486328",
        "urlToImage": "https://images.mktw.net/im-476661/social",
        "publishedAt": "2022-01-30T15:29:00Z",
        "content": "Is it time to bail out of stocks and bonds? This isn't the market that investors likely signed up for back in 2021 when shares in GameStop Corp. GME, +4.69% and movie chain AMC Entertainment Hold… [+6172 chars]"
    },
    {
        "id": "59278B4A-3925-4880-9F6D-B390D9ED812B",
        "sourceName": "CNBC",
        "author": "Jessica Bursztynsky",
        "title": "Fed's Bostic tells the FT the central bank could hike rates by a half-point if needed - CNBC",
        "description": "Bostic reiterated to the Financial Times his call for three quarter-point interest rate increases in 2022, starting in March.",
        "url": "https://www.cnbc.com/2022/01/30/feds-bostic-tells-the-ft-the-central-bank-could-hike-rates-by-a-half-point-if-needed.html",
        "urlToImage": "https://image.cnbcfm.com/api/v1/image/105773794-1551729061353rtx6mk18r.jpg?v=1554240573",
        "publishedAt": "2022-01-30T14:31:34Z",
        "content": "The Federal Reserve isn't ruling out raising interest rates by half of a percent instead of the typical quarter-point move if inflation remains high, Atlanta Fed President Raphael Bostic said in an i… [+1590 chars]"
    },
    {
        "id": "3447F4CA-92C5-4FD0-933F-5C1BE8E42519",
        "sourceName": "CNN",
        "author": "Paul R. La Monica, CNN Business",
        "title": "Warren Buffett is having the last laugh - CNN",
        "description": "It's been a tough start to the year for investors in big tech companies. Cathie Wood's ARK Innovation fund, a big owner of Tesla, Zoom and Roku, has plunged nearly 30%. And speculative meme stocks like GameStop and AMC have been crushed.",
        "url": "https://www.cnn.com/2022/01/30/investing/stocks-week-ahead/index.html",
        "urlToImage": "https://cdn.cnn.com/cnnnext/dam/assets/220127143426-warren-buffett-050519-file-super-tease.jpg",
        "publishedAt": "2022-01-30T14:09:00Z",
        "content": "A version of this story first appeared in CNN Business' Before the Bell newsletter. Not a subscriber? You can sign up right here. New York (CNN Business)It's been a tough start to the year for inves… [+5929 chars]"
    },
    {
        "id": "D6ED87B7-CEAF-4512-8B17-E9532F04B1C1",
        "sourceName": "Benzinga",
        "author": "Elizabeth Yuko",
        "title": "Celsius CEO Says Bitcoin May Crash Ahead Of Massive Rally, Ethereum Heading To New All-Time High - Benzin - Benzinga",
        "description": "Alex Mashinsky, CEO of crypto lending platform Celsius (CRYPTO: CEL), says that Bitcoin (CR...",
        "url": "https://www.benzinga.com/markets/cryptocurrency/22/01/25297857/celsius-ceo-says-bitcoin-may-crash-ahead-of-massive-rally-ethereum-heading-to-new-all-time",
        "urlToImage": "https://cdn2.benzinga.com/files/imagecache/og_image_social_share_1200x630/images/story/2012/ethereum__7.png?width=720",
        "publishedAt": "2022-01-30T13:58:00Z",
        "content": "Alex Mashinsky, CEO of crypto lending platform Celsius (CRYPTO: CEL), says that Bitcoin (CRYPTO: BTC) could fall by up to 20% from the current price before surging higher. In a recent interview, Mas… [+1091 chars]"
    },
    {
        "id": "2E881301-D821-4AE2-B1D3-3BA348132C84",
        "sourceName": "Fox Business",
        "author": "Peter Aitken",
        "title": "United opens flight school, airlines find creative solutions as industry faces looming pilot shortage - Fox Business",
        "description": "The airline industry faces a projected shortage of 34,000 pilots globally by 2025, forcing airlines to step up recruitment over the next decade.",
        "url": "https://www.foxbusiness.com/industrials/united-flight-school-industry-pilot-shortage",
        "urlToImage": "https://a57.foxnews.com/static.foxbusiness.com/foxbusiness.com/content/uploads/2022/01/0/0/Aviate6.jpeg?ve=1&tl=1",
        "publishedAt": "2022-01-30T13:48:34Z",
        "content": "United Airlines last week announced the start of its training program as the airlineindustry faces down projections of a massive pilot shortage over the next decade. The United Aviate Academy is th… [+3597 chars]"
    },
    {
        "id": "71BE1642-1C05-4D81-B262-636E60643A4A",
        "sourceName": "Bitcoin.com",
        "author": "Savanna Swain-Wilson",
        "title": "IMF Tells El Salvador: Costs of Making Bitcoin Legal Tender Exceed Potential Benefits – Regulation Bitcoin News - Bitcoin News",
        "description": "The International Monetary Fund has told El Salvador that the costs of implementing the country's Bitcoin law exceed the potential benefits.",
        "url": "https://news.bitcoin.com/imf-tells-el-salvador-costs-of-making-bitcoin-legal-tender-exceed-potential-benefits/",
        "urlToImage": "https://static.news.bitcoin.com/wp-content/uploads/2022/01/imf-1.jpg",
        "publishedAt": "2022-01-30T12:30:08Z",
        "content": "The International Monetary Fund (IMF) has told El Salvador that the costs of implementing the country’s Bitcoin law, which makes the cryptocurrency legal tender, exceed the potential benefits. The IM… [+3539 chars]"
    },
    {
        "id": "0A2F4105-64EC-4A44-A094-32C856FDD8EC",
        "sourceName": "Business Insider",
        "author": "Kate Duffy",
        "title": "Tesla Cybertruck Customers Frustrated by Delays but Prepared to Wait - Business Insider",
        "description": "Some Tesla customers said the Cybertruck is worth waiting for, but one said he cancelled his refund due to lack of contact from Elon Musk's company.",
        "url": "https://www.businessinsider.com/tesla-cybertruck-customers-frustrated-reserve-wait-worth-it-elon-musk-2022-1",
        "urlToImage": "https://i.insider.com/61f0186b702f4b001866ddde?width=1200&format=jpeg",
        "publishedAt": "2022-01-30T10:28:18Z",
        "content": "Elon Musk unveiled Tesla's first electric pickup truck in November 2019, and orders started piling up. Three days after the reveal, the CEO tweeted that Tesla had received 200,000 orders for its Cyb… [+3519 chars]"
    },
    {
        "id": "15914823-1B57-4FEC-911B-4A5E53D4801C",
        "sourceName": "TMZ",
        "author": "TMZ Staff",
        "title": "Prince Harry and Meghan Markle Jump Into Spotify, Joe Rogan COVID Controversy - TMZ",
        "description": "Prince Harry and Meghan Markle have jumped into the Spotify/Joe Rogan fracas ... urging the platform to blunt 'serious harms' over COVID misinformation.",
        "url": "https://www.tmz.com/2022/01/30/prince-harry-meghan-markle-joe-rogan-spotify-covid-misinformation/",
        "urlToImage": "https://imagez.tmz.com/image/be/16by9/2022/01/30/be7c3da8dd8045d285b24031629c33d4_xl.jpg",
        "publishedAt": "2022-01-30T15:18:00Z",
        "content": "Prince Harry and Meghan Markle have jumped into the Spotify/Joe Rogan fracas ... urging the platform to blunt 'serious harms' over COVID misinformation. As you know, the couple has a lucrative deal … [+1032 chars]"
    },
    {
        "id": "17203523-78B9-411B-9011-5A1C7F68953B",
        "sourceName": "Independent",
        "author": "Maanya Sachdeva",
        "title": "Janet Jackson says she warned Justin Timberlake against addressing Super Bowl scandal - The Independent",
        "description": "Singer says they’re ‘very good friends’ and have ‘moved on’ from the 2004 ‘Nipplegate’ scandal",
        "url": "https://www.independent.co.uk/arts-entertainment/music/news/janet-jackson-documentary-timberlake-super-bowl-b2003613.html",
        "urlToImage": "https://static.independent.co.uk/2021/02/14/13/janet-jackson-justin-timberlake.jpg?quality=75&width=1200&auto=webp",
        "publishedAt": "2022-01-30T12:32:42Z",
        "content": "Janet Jackson has revealed she is very good friends with Justin Timberlake and that she advised him against speaking out about their Super Bowl performance On Saturday (29 January), People reported th… [+3044 chars]"
    },
    {
        "id": "F964E0CC-047D-45CA-AF4C-48DC87AC0DB1",
        "sourceName": "New York Times",
        "author": "Christopher Clarey",
        "title": "Rafael Nadal Wins the Australian Open, His 21st Grand Slam Title - The New York Times",
        "description": "Nadal broke his tie with Novak Djokovic and Roger Federer in men’s singles major career victories by beating Daniil Medvedev in five sets in the final.",
        "url": "https://www.nytimes.com/2022/01/30/sports/tennis/nadal-medvedev-australian-open.html",
        "urlToImage": "https://static01.nyt.com/images/2022/01/30/sports/30aus-mens-final/merlin_201090702_bd6ea0ad-27f2-46ca-9af6-7c2f8390d686-facebookJumbo.jpg",
        "publishedAt": "2022-01-30T16:27:36Z",
        "content": "MELBOURNE, Australia For an aging champion who has earned his reputation as one of the greatest competitors in sports, it was a fitting way to stand alone with 21 Grand Slam mens singles titles. Dow… [+578 chars]"
    },
    {
        "id": "898342E5-3911-44AC-9AAE-77E9241A1BB9",
        "sourceName": "Reuters",
        "author": "Chris Buckley, Vivian Wang, Keith Bradsher",
        "title": "NATO concerned over Europe's energy security amid standoff with Russia - Reuters",
        "description": "Europe needs to diversify its energy supplies, the head of NATO said on Sunday, as Britain warned it was 'highly likely' that Russia, the continent's biggest natural gas supplier, was looking to invade Ukraine.",
        "url": "https://www.reuters.com/world/nato-calls-europe-diversify-energy-supply-amid-standoff-with-russia-2022-01-30/",
        "urlToImage": "https://www.reuters.com/resizer/KLWyFhtrcwzynZdbJ9gFtcSF6Jw=/1200x628/smart/filters:quality(80)/cloudfront-us-east-2.images.arcpublishing.com/reuters/I2O6YDQKFRL6NGWAUKJZEDJRBI.jpg",
        "publishedAt": "2022-01-30T15:41:00Z",
        "content": "LONDON/MOSCOW, Jan 30 (Reuters) - Europe needs to diversify its energy supplies, the head of NATO said on Sunday, as Britain warned it was 'highly likely' that Russia, the continent's biggest natural… [+4776 chars]"
    },
    {
        "id": "AA00FB93-E160-427F-9D44-7D40D6BDCD44",
        "sourceName": "New York Post",
        "author": "The Sun",
        "title": "What would happen if an asteroid hit Earth today? - New York Post ",
        "description": "Depending on the size of the space rock, an asteroid impact could be an extinction level event and researchers have created simulations to see how bad it could be.",
        "url": "https://nypost.com/2022/01/30/what-would-happen-if-an-asteroid-hit-earth-today/",
        "urlToImage": "https://nypost.com/wp-content/uploads/sites/2/2022/01/asteroid-earth-226.jpg?quality=90&strip=all&w=1024",
        "publishedAt": "2022-01-30T14:17:00Z",
        "content": "An asteroid isn’t expected to crash into Earth anytime soon but space agencies keep an eye out for them just in case. Depending on the size of the space rock, an asteroid impact could be an extincti… [+3122 chars]"
    },
    {
        "id": "9356193B-A414-4482-B11C-7FAE53331679",
        "sourceName": "ABC News",
        "author": "Brittany Shepherd",
        "title": "Majority of Americans want Biden to consider 'all possible nominees' for Supreme Court vacancy: POLL - ABC News",
        "description": "",
        "url": "https://abcnews.go.com/US/majority-americans-biden-nominees-supreme-court-vacancy-poll/story?id=82553398",
        "urlToImage": "https://s.abcnews.com/images/Politics/supreme-court_hpMain_20220129-221839_16x9_992.jpg",
        "publishedAt": "2022-01-30T14:12:04Z",
        "content": "A new ABC News/Ipsos poll finds that a plurality of Americans view the Supreme Court as motivated by partisanship, while President Joe Biden's campaign trail vow to select a Black woman to fill a hig… [+4709 chars]"
    },
    {
        "id": "A8168BFF-65E8-4EA0-84E1-F460D49CABDC",
        "sourceName": "New York Post",
        "author": "Emily Crane",
        "title": "Tens of thousands on East Coast left without power after mighty nor'easter - New York Post ",
        "description": "Dangerous wind chills fell below zero after Winter Storm Kenan pummeled the North East region on Friday and Saturday.",
        "url": "https://nypost.com/2022/01/30/tens-of-thousands-left-without-power-after-noreaster/",
        "urlToImage": "https://nypost.com/wp-content/uploads/sites/2/2022/01/blizzard-comp.jpg?quality=90&strip=all&w=1024",
        "publishedAt": "2022-01-30T13:38:00Z",
        "content": "Tens of thousands of people were without power Sunday morning after the East Coast was plunged into a deep freeze in the wake of the powerful nor’easter that dumped mounds of snow. Dangerous wind ch… [+2084 chars]"
    },
    {
        "id": "616CE172-2C0C-4E5A-84BB-FDFA09C8749C",
        "sourceName": "Associated Press",
        "author": "Kim Tong-hyung",
        "title": "North Korea tests longest-range missile since 2017 - Associated Press",
        "description": "SEOUL, South Korea (AP) — North Korea on Sunday fired what appeared to be the most powerful missile it has tested since President Joe Biden took office, as it revives its old playbook in brinkmanship to wrest concessions from Washington and neighbors amid a p…",
        "url": "https://apnews.com/article/north-korea-tests-longest-range-missile-since-biden-started-37f273d0602f91d392d32b6c0d4002ee",
        "urlToImage": "https://storage.googleapis.com/afs-prod/media/948be9e8f5bf41e5a932a111a9b0485c/3000.jpeg",
        "publishedAt": "2022-01-30T13:20:52Z",
        "content": "SEOUL, South Korea (AP) North Korea on Sunday fired what appeared to be the most powerful missile it has tested since President Joe Biden took office, as it revives its old playbook in brinkmanship t… [+6060 chars]"
    },
    {
        "id": "CB0E922E-5EA4-46B1-BF4E-F4447B21B618",
        "sourceName": "CNBC",
        "author": "Dr. Heather Moday",
        "title": "The 4 vitamin and supplements this doctor takes every day to strengthen her immune system: 'Your body will thank you' - CNBC",
        "description": "Yes, taking extra vitamin supplements every day can strengthen your immune system, says immunologist Dr. Heather Moday. She shares her top choices, along with why vitamins C and D are two of the most essential.",
        "url": "https://www.cnbc.com/2022/01/30/the-4-vitamins-and-supplements-this-doctor-takes-every-day-for-a-strong-immune-system.html",
        "urlToImage": "https://image.cnbcfm.com/api/v1/image/107008360-1643404618727-GettyImages-1218154417.jpg?v=1643404952",
        "publishedAt": "2022-01-30T15:30:01Z",
        "content": "In a perfect world, we'd all have access to a balanced, nutrient-dense diet that's chock-full of healthy fats, fruits, vegetables, adequate protein and fiber and theoretically, shouldn't have to take… [+4007 chars]"
    },
    {
        "id": "9B559762-ACD3-4F0E-8F7F-8B0FB1C08CDE",
        "sourceName": "KTLA Los Angeles",
        "author": "StudyFinds.org via Nexstar Media Wire",
        "title": "AI can predict signs of a heart attack within a year — from a routine eye test - KTLA Los Angeles",
        "description": "An artificial intelligence system is capable of spotting whether someone will have a heart attack within the next year — through a routine eye scan.",
        "url": "https://ktla.com/news/ai-can-predict-signs-of-a-heart-attack-within-a-year-from-a-routine-eye-test/",
        "urlToImage": "https://ktla.com/wp-content/uploads/sites/4/2022/01/eye-scan.jpg?w=1280",
        "publishedAt": "2022-01-30T02:33:32Z",
        "content": "LEEDS, United Kingdom (StudyFinds.org) – An artificial intelligence system is capable of spotting whether someone will have a heart attack within the next year through a routine eye scan. A team fro… [+3714 chars]"
    },
    {
        "id": "4EEA9409-5FDE-40D0-A12C-1CFEBD94660A",
        "sourceName": "Fox News",
        "author": "Julia Musto",
        "title": "Alcohol consumption can directly cause cancer, study says - Fox News",
        "description": "The consumption of alcohol is a direct cause of several kinds of cancer, according to researchers.",
        "url": "https://www.foxnews.com/health/alcohol-consumption-directly-cause-cancer-study",
        "urlToImage": "https://static.foxnews.com/foxnews.com/content/uploads/2019/02/craft-brew-wine.jpg",
        "publishedAt": "2022-01-29T17:02:15Z",
        "content": "The consumption of alcohol is a direct cause of several kinds of cancer, according to researchers. In a recent large-scale genetic study led by Oxford Population Health and published in the Interna… [+4871 chars]"
    },
    {
        "id": "ED3BF7C1-7D23-47C3-9858-B6661C9D8D9E",
        "sourceName": "Eatthis.com",
        "author": "Brianna Ruback",
        "title": "The #1 Best Smoothie to Slow Aging, Say Dietitians — Eat This Not That - Eat This, Not That",
        "description": "We consulted the experts to learn about the best anti-aging smoothie. Read on to discover the drink that can help you look and feel younger.",
        "url": "http://www.eatthis.com/best-smoothie-slow-aging/",
        "urlToImage": "https://www.eatthis.com/wp-content/uploads/sites/4/2021/12/blueberry-smoothie.jpg?quality=82&strip=all",
        "publishedAt": "2022-01-29T14:07:17Z",
        "content": "You've likely seen the commercials or magazine ads with celebrities promoting the latest anti-aging serums. Maybe you've even splurged on some of the products yourself. But as we all know, there isn'… [+3888 chars]"
    },
    {
        "id": "620BBBE5-A65D-41CE-93A3-2DD1AC21C9BE",
        "sourceName": "KSL.com",
        "author": "Emma Tucker, CNN",
        "title": "NASA crew embarks on simulated mission to Mars to study isolation and confinement - KSL.com",
        "description": "Four volunteer crew members have embarked on a simulated journey to Mars inside a ground-based habitat at NASA to study the isolation and confinement of exploration missions.",
        "url": "https://www.ksl.com/article/50337849/nasa-crew-embarks-on-simulated-mission-to-mars-to-study-isolation-and-confinement",
        "urlToImage": "https://img.ksl.com/slc/2861/286180/28618077.jpg?filter=kslv2/responsive_story_lg",
        "publishedAt": "2022-01-30T03:39:19Z",
        "content": "Estimated read time: 2-3 minutes. HOUSTON Four volunteer crew members have embarked on a simulated journey to Mars inside a ground-based habitat at NASA to study the isolation and confinement of expl… [+2762 chars]"
    },
    {
        "id": "A8126FA8-9341-4426-9816-399C1AF160B3",
        "sourceName": "SciTechDaily",
        "author": "Emma Tucker, CNN",
        "title": "Mars Curiosity Rover Sees a Strong Carbon Signature in a Bed of Rocks – Could Indicate Biological Activity - SciTechDaily",
        "description": "Carbon is critical to life, as far as we know. So anytime we detect a strong carbon signature somewhere like Mars, it could indicate biological activity. Does a strong carbon signal in Martian rocks indicate biological processes of some type? Any strong carbo…",
        "url": "https://scitechdaily.com/mars-curiosity-rover-sees-a-strong-carbon-signature-in-a-bed-of-rocks-could-indicate-biological-activity/",
        "urlToImage": "https://scitechdaily.com/images/Curiositys-View-Greenheugh-Pediment-scaled.jpg",
        "publishedAt": "2022-01-30T02:20:26Z",
        "content": "Carbon is critical to life, as far as we know. So anytime we detect a strong carbon signature somewhere like Mars, it could indicate biological activity. Does a strong carbon signal in Martian rocks… [+11441 chars]"
    },
    {
        "id": "05E434FC-3017-4C8F-8E0F-8F0F5AA64994",
        "sourceName": "CBS News",
        "author": "Alexandra Alexandra",
        "title": "Scientists have regrown amputated frogs' legs. Here's how they did it. - CBS News",
        "description": "They applied a five-drug chemical cocktail to the frogs' stumps, covered them in silicon domes and waited.",
        "url": "https://www.cbsnews.com/news/regenerative-medicine-leg-amputated-regrown-frogs/",
        "urlToImage": "https://cbsnews3.cbsistatic.com/hub/i/r/2022/01/29/bbeb6198-d733-49a8-9b76-257c1efab702/thumbnail/1200x630/fa8f3d044a54ff97919efa768af6ca5d/african-clawed-frog-pouzin-olivier.png",
        "publishedAt": "2022-01-29T18:23:20Z",
        "content": "Scientists at Tufts University and Harvard University's Wyss Institute have regrown amputated limbs. In a study published in Science Advances, the researchers showed how they used a chemical cocktail… [+2672 chars]"
    },
    {
        "id": "BE72E032-B04B-418B-9833-167B69A241F1",
        "sourceName": "CNN",
        "author": "Ashley Strickland, CNN",
        "title": "What an astronaut could see from space that changed him for good - CNN",
        "description": "This week, gain an astronaut's perspective of our changing world, spot hybrid camels in ancient artwork, uncover more about the Tonga volcano explosion, spy a beaming celestial lighthouse, and more.",
        "url": "https://www.cnn.com/2022/01/29/world/space-station-earth-science-newsletter-wt-scn/index.html",
        "urlToImage": "https://cdn.cnn.com/cnnnext/dam/assets/220127130628-02-thomas-pesquet-oceans-from-cupola-super-tease.jpg",
        "publishedAt": "2022-01-29T16:03:00Z",
        "content": "A version of this story appeared in CNN's Wonder Theory newsletter. To get it in your inbox, sign up for free here. (CNN) It's just a jump to the left, and then a step to the right. The catchy son… [+4645 chars]"
    },
    {
        "id": "6E7C7B23-937D-4D48-8607-9DACD3F1111D",
        "sourceName": "CNN",
        "author": "Ashley Strickland, CNN",
        "title": "First female director appointed for NASA's Jet Propulsion Laboratory - CNN",
        "description": "For the first time in its 85-year history, NASA's Jet Propulsion Laboratory has a female director. Geochemist and space scientist Laurie Leshin will serve as the director for JPL as well as the vice president of the California Institute of Technology, startin…",
        "url": "https://www.cnn.com/2022/01/28/world/nasa-jpl-first-female-director-scn/index.html",
        "urlToImage": "https://cdn.cnn.com/cnnnext/dam/assets/220128113727-01-nasa-jpl-laurie-leshin-super-tease.jpg",
        "publishedAt": "2022-01-28T17:36:00Z",
        "content": "Humans experience the world in three dimensions, but a collaboration in Japan has developed a way to create synthetic dimensions to better understand the fundamental laws of the universe and possibly… [+4164 chars]"
    },
    {
        "id": "B66C6B0B-74A5-4BA9-A514-3CFAA3999E99",
        "sourceName": "The Wall Street Journal",
        "author": "Graham Smith",
        "title": "Virtual Workouts, Real Sweat: Exercising in the Metaverse With the Meta Quest 2 - The Wall Street Journal",
        "description": "Using the virtual-reality headset and VR workout apps like Supernatural, FitXR and Holofit, you can burn a lot of calories. Just mind the motion sickness, and wear a sweatband.",
        "url": "https://www.wsj.com/articles/virtual-workouts-real-sweat-exercisingin-the-metaverse-with-the-meta-quest-2-11643501247",
        "urlToImage": "https://images.wsj.net/im-475665/social",
        "publishedAt": "2022-01-30T14:00:00Z",
        "content": "One thing they don't tell you about working out in the metaverse: The exercise might be in virtual reality, but the sweat is real. My first VR exercise was a boxing class thats like Dance Dance Revol… [+343 chars]"
    }
]
