[
    {
        "id": 1,
        "brandName": "Acura",
        "modelName": "RDX",
        "year": "2022",
        "bodyStyle": "Premium Sport Crossover",
        "startingMsrp": "$40,100",
        "logoFilename": "acura",
        "photoFilename": "acura-rdx",
        "websiteUrl": "https://www.acura.com/",
        "driveType": "Front Wheel Drive",
        "engine": "2.0L 4cyl Turbo 10A",
        "mpg": "City 22 / Highway 28 / Combined 24"
    },
    {
        "id": 2,
        "brandName": "Alfa Romeo",
        "modelName": "Stelvio Sprint",
        "year": "2022",
        "bodyStyle": "Sport Utility Vehicle",
        "startingMsrp": "$45,150",
        "logoFilename": "alfa-romeo",
        "photoFilename": "alfaRomeo-stelvio",
        "websiteUrl": "https://www.alfaromeo.com/",
        "driveType": "Rear Wheel Drive",
        "engine": "280.0-hp, 2.0-liter, 4 Cylinder Engine (Gasoline Fuel)",
        "mpg": "City 22 / Highway 28 / Combined 24"
    },
    {
        "id": 3,
        "brandName": "Audi",
        "modelName": "Q5",
        "year": "2022",
        "bodyStyle": "Sport Utility Vehicle",
        "startingMsrp": "$45,600",
        "logoFilename": "audi",
        "photoFilename": "audi-q5",
        "websiteUrl": "https://www.audi.com/",
        "driveType": "All Wheel Drive",
        "engine": "261.0-hp, 2.0-liter, 4 Cylinder Engine (Gasoline/Mild Electric Hybrid)",
        "mpg": "City 23 / Highway 28 / Combined 25"
    },
    {
        "id": 4,
        "brandName": "BMW",
        "modelName": "X5 xDrive40i",
        "year": "2022",
        "bodyStyle": "Sport Utility Vehicle",
        "startingMsrp": "$61,700",
        "logoFilename": "bmw",
        "photoFilename": "bmw-x5",
        "websiteUrl": "https://www.bmw.com/",
        "driveType": "All Wheel Drive",
        "engine": "335.0-hp, 3.0-liter, Straight 6 Cylinder Engine (Gasoline/Mild Electric Hybrid)",
        "mpg": "City 21 / Highway 25 / Combined 23"
    },
    {
        "id": 5,
        "brandName": "Cadillac",
        "modelName": "Escalade",
        "year": "2022",
        "bodyStyle": "Sport Utility Vehicle",
        "startingMsrp": "$76,295",
        "logoFilename": "cadillac",
        "photoFilename": "cadillac-escalade",
        "websiteUrl": "https://www.cadillac.com/",
        "driveType": "Four Wheel Drive",
        "engine": "420.0-hp, 6.2-liter, 8 Cylinder Engine (Gasoline Fuel)",
        "mpg": "City 14 / Highway 19 / Combined 16"
    },
    {
        "id": 6,
        "brandName": "Chevrolet",
        "modelName": "Silverado 2500",
        "year": "2022",
        "bodyStyle": "Regular Cab Pickup",
        "startingMsrp": "$36,300",
        "logoFilename": "chevrolet",
        "photoFilename": "chevrolet-silverado",
        "websiteUrl": "https://www.chevrolet.com/",
        "driveType": "Rear Wheel Drive",
        "engine": "445.0-hp, 6.6-liter, 8 Cylinder Engine (Diesel Fuel)",
        "mpg": "City 16 / Highway 21 / Combined 18"
    },
    {
        "id": 7,
        "brandName": "Chrysler",
        "modelName": "300",
        "year": "2022",
        "bodyStyle": "Sedan",
        "startingMsrp": "$31,770",
        "logoFilename": "chrysler",
        "photoFilename": "chrysler-300",
        "websiteUrl": "https://www.chrysler.com/",
        "driveType": "Rear Wheel Drive",
        "engine": "92.0-hp, 3.6-liter, V6 Cylinder Engine (Gasoline Fuel)",
        "mpg": "City 19 / Highway 30 / Combined 23"
    },
    {
        "id": 8,
        "brandName": "Fiat",
        "modelName": "500X",
        "year": "2022",
        "bodyStyle": "Sport Utility Vehicle",
        "startingMsrp": "$26,625",
        "logoFilename": "fiat",
        "photoFilename": "fiat-500x",
        "websiteUrl": "https://www.fiat.com/",
        "driveType": "All Wheel Drive",
        "engine": "177.0-hp, 1.3-liter, 4 Cylinder Engine (Gasoline Fuel)",
        "mpg": "City 24 / Highway 30 / Combined 26"
    },
    {
        "id": 9,
        "brandName": "Ford",
        "modelName": "F-150 XL",
        "year": "2022",
        "bodyStyle": "Pickup Truck",
        "startingMsrp": "$29,990",
        "logoFilename": "ford",
        "photoFilename": "ford-f150",
        "websiteUrl": "https://www.ford.com/",
        "driveType": "Rear Wheel Drive",
        "engine": "290.0-hp, 3.3-liter, V6 Cylinder Engine (Flex Fuel Capability)",
        "mpg": "City 14 / Highway 18 / Combined 16"
    },
    {
        "id": 10,
        "brandName": "GMC",
        "modelName": "Sierra 1500 Limited",
        "year": "2022",
        "bodyStyle": "Regular Cab Pickup",
        "startingMsrp": "$31,200",
        "logoFilename": "gmc",
        "photoFilename": "gmc-sierra",
        "websiteUrl": "https://www.gmc.com/",
        "driveType": "Rear Wheel Drive",
        "engine": "310.0-hp, 2.7-liter, 4 Cylinder Engine (Gasoline Fuel)",
        "mpg": "City 19 / Highway 22 / Combined 20"
    },
    {
        "id": 11,
        "brandName": "Honda",
        "modelName": "CR-V",
        "year": "2022",
        "bodyStyle": "Sport Utility Vehicle",
        "startingMsrp": "$26,400",
        "logoFilename": "honda",
        "photoFilename": "honda-crv",
        "websiteUrl": "https://automobiles.honda.com/",
        "driveType": "All Wheel Drive",
        "engine": "190.0-hp, 1.5-liter, 4 Cylinder Engine (Gasoline Fuel)",
        "mpg": "City 27 / Highway 32 / Combined 29"
    },
    {
        "id": 12,
        "brandName": "Hyundai",
        "modelName": "Santa Fe SE",
        "year": "2022",
        "bodyStyle": "Sport Utility Vehicle",
        "startingMsrp": "$27,200",
        "logoFilename": "hyundai",
        "photoFilename": "hyundai-santaFe",
        "websiteUrl": "https://www.hyundaiusa.com/",
        "driveType": "Front Wheel Drive",
        "engine": "191.0-hp, 2.5-liter, 4 Cylinder Engine (Gasoline Fuel)",
        "mpg": "City 25 / Highway 28 / Combined 26"
    },
    {
        "id": 13,
        "brandName": "Infiniti",
        "modelName": "QX50 Pure",
        "year": "2022",
        "bodyStyle": "Sport Utility Vehicle",
        "startingMsrp": "$39,000",
        "logoFilename": "infiniti",
        "photoFilename": "infiniti-qx50",
        "websiteUrl": "https://www.infinitiusa.com/",
        "driveType": "Front Wheel Drive",
        "engine": "268.0-hp, 2.0-liter, 4 Cylinder Engine (Gasoline Fuel)",
        "mpg": "City 22 / Highway 28 / Combined 25"
    },
    {
        "id": 14,
        "brandName": "Jeep",
        "modelName": "Grand Cherokee",
        "year": "2022",
        "bodyStyle": "Sport Utility Vehicle",
        "startingMsrp": "$38,325",
        "logoFilename": "jeep",
        "photoFilename": "jeep-gc",
        "websiteUrl": "https://www.jeep.com/",
        "driveType": "Rear Wheel Drive",
        "engine": "293.0-hp, 3.6-liter, V6 Cylinder Engine (Gasoline Fuel)",
        "mpg": "City 19 / Highway 26 / Combined 22"
    },
    {
        "id": 15,
        "brandName": "Kia",
        "modelName": "Forte FE",
        "year": "2022",
        "bodyStyle": "Sedan",
        "startingMsrp": "$19,090",
        "logoFilename": "kia",
        "photoFilename": "kia-forte",
        "websiteUrl": "https://www.kia.com/",
        "driveType": "Front Wheel Drive",
        "engine": "147.0-hp, 2.0-liter, 4 Cylinder Engine (Gasoline Fuel)",
        "mpg": "City 31 / Highway 41 / Combined 35"
    },
    {
        "id": 16,
        "brandName": "Lexus",
        "modelName": "RX 350",
        "year": "2022",
        "bodyStyle": "Sport Utility Vehicle",
        "startingMsrp": "$45,570",
        "logoFilename": "lexus",
        "photoFilename": "lexus-rx",
        "websiteUrl": "https://www.lexus.com/",
        "driveType": "Front Wheel Drive",
        "engine": "295.0-hp, 3.5-liter, V6 Cylinder Engine (Gasoline Fuel)",
        "mpg": "City 20 / Highway 27 / Combined 23"
    },
    {
        "id": 17,
        "brandName": "Mazda",
        "modelName": "CX-5",
        "year": "2022",
        "bodyStyle": "Sport Utility Vehicle",
        "startingMsrp": "$25,900",
        "logoFilename": "mazda",
        "photoFilename": "mazda-cx5",
        "websiteUrl": "https://www.mazda.com/",
        "driveType": "All Wheel Drive",
        "engine": "187.0-hp, 2.5-liter, 4 Cylinder Engine (Gasoline Fuel)",
        "mpg": "City 24 / Highway 30 / Combined 26"
    },
    {
        "id": 18,
        "brandName": "Mercedes-Benz",
        "modelName": "GLC 300",
        "year": "2022",
        "bodyStyle": "Sport Utility Vehicle",
        "startingMsrp": "$43,850",
        "logoFilename": "mercedes-benz",
        "photoFilename": "mercedes-benz-glc",
        "websiteUrl": "https://www.mercedes-benz.com/",
        "driveType": "Rear Wheel Drive",
        "engine": "255.0-hp, 2.0-liter, 4 Cylinder Engine (Gasoline Fuel)",
        "mpg": "City 22 / Highway 27 / Combined 24"
    },
    {
        "id": 19,
        "brandName": "Nissan",
        "modelName": "Altima 2.5 S",
        "year": "2022",
        "bodyStyle": "TBD",
        "startingMsrp": "$24,550",
        "logoFilename": "nissan",
        "photoFilename": "nissan-altima",
        "websiteUrl": "https://www.nissanusa.com/",
        "driveType": "Front Wheel Drive",
        "engine": "188.0-hp, 2.5-liter, 4 Cylinder Engine (Gasoline Fuel)",
        "mpg": "City 28 / Highway 39 / Combined 32"
    },
    {
        "id": 20,
        "brandName": "Porsche",
        "modelName": "Cayenne",
        "year": "2022",
        "bodyStyle": "Sport Utility Vehicle",
        "startingMsrp": "$69,000",
        "logoFilename": "porsche",
        "photoFilename": "porsche-cayenne",
        "websiteUrl": "https://www.porsche.com/usa/",
        "driveType": "All Wheel Drive",
        "engine": "335.0-hp, 3.0-liter, V6 Cylinder Engine (Gasoline Fuel)",
        "mpg": "City 17 / Highway 22 / Combined 19"
    },
    {
        "id": 21,
        "brandName": "Subaru",
        "modelName": "Crosstrek",
        "year": "2022",
        "bodyStyle": "Sport Utility Vehicle",
        "startingMsrp": "$22,445",
        "logoFilename": "subaru",
        "photoFilename": "subaru-crosstrek",
        "websiteUrl": "https://www.subaru.com/",
        "driveType": "All Wheel Drive",
        "engine": "152.0-hp, 2.0-liter, 4 Cylinder Engine (Gasoline Fuel)",
        "mpg": "City 28 / Highway 33 / Combined 30"
    },
    {
        "id": 22,
        "brandName": "Tesla",
        "modelName": "Model 3",
        "year": "2022",
        "bodyStyle": "Sedan",
        "startingMsrp": "$44,990",
        "logoFilename": "tesla",
        "photoFilename": "tesla-model3",
        "websiteUrl": "https://www.tesla.com/",
        "driveType": "Rear Wheel Drive",
        "engine": "Electric",
        "mpg": "N/A"
    },
    {
        "id": 23,
        "brandName": "Toyota",
        "modelName": "Corolla",
        "year": "2022",
        "bodyStyle": "Sport Utility Vehicle",
        "startingMsrp": "$20,175",
        "logoFilename": "toyota",
        "photoFilename": "toyota-corolla",
        "websiteUrl": "https://www.toyota.com/",
        "driveType": "Front Wheel Drive",
        "engine": "139.0-hp, 1.8-liter, 4 Cylinder Engine (Gasoline Fuel)",
        "mpg": "City 30 / Highway 38 / Combined 33"
    },
    {
        "id": 24,
        "brandName": "Volkswagen",
        "modelName": "Jetta",
        "year": "2022",
        "bodyStyle": "Sedan",
        "startingMsrp": "$20,195",
        "logoFilename": "volkswagen",
        "photoFilename": "volkswagen-jetta",
        "websiteUrl": "https://www.vw.com/",
        "driveType": "Front Wheel Drive",
        "engine": "158.0-hp, 1.5-liter, 4 Cylinder Engine (Gasoline Fuel)",
        "mpg": "City 31 / Highway 41 / Combined 35"
    },
    {
        "id": 25,
        "brandName": "Volvo",
        "modelName": "XC90",
        "year": "2022",
        "bodyStyle": "Sport Utility Vehicle",
        "startingMsrp": "$50,900",
        "logoFilename": "volvo",
        "photoFilename": "volvo-xc90",
        "websiteUrl": "https://www.volvocars.com/",
        "driveType": "All Wheel Drive",
        "engine": "250.0-hp, 2.0-liter, 4 Cylinder Engine (Gasoline Fuel)",
        "mpg": "City 26 / Highway 28 / Combined 27"
    }
]
