[
    {
        "id": 1,
        "name": "Alstroemeria",
        "meaning": "symbol of grace, purity, majesty and honor",
        "photoFilename": "Alstroemeria",
        "websiteUrl": "https://www.gardenia.net/plant-variety/alstroemeria-peruvian-lily",
        "description": "The alstroemeria, also called the Peruvian lily, features streaked or speckled blossoms in a range of colors, including white, yellow, orange, pink, and red. With their trumpet-like appearance, they resemble lilies and grow to one to three feet tall."
    },
    {
        "id": 2,
        "name": "Calla Lily",
        "meaning": "Beauty",
        "photoFilename": "CallaLily",
        "websiteUrl": "https://www.gardeningknowhow.com/ornamental/bulbs/calla-lily/growing-calla-lilies-and-care-of-calla-lilies.htm",
        "description": "Calla lilies come in a variety of different colors, from snow white to bright pink. They feature a beautiful trumpet shape with smooth, sword-like foliage."
    },
    {
        "id": 3,
        "name": "Daisy",
        "meaning": "Innocence, Loyal love, I'll never tell",
        "photoFilename": "Daisy",
        "websiteUrl": "https://www.britannica.com/plant/daisy",
        "description": "Daisies are a bright and fun flower. The petals come in a variety of colors, including white, blue, and lavender. Daisies feature a yellow central disc with a long stem."
    },
    {
        "id": 4,
        "name": "Gardenia",
        "meaning": "You’re lovely, Secret love",
        "photoFilename": "Gardenia",
        "websiteUrl": "https://www.gardenia.net/guide/learn-how-to-grow-and-care-for-your-gardenia",
        "description": "Notable for their wax-like appearance and oval-shaped leaves, gardenia flowers range from pale yellow to creamy white. Gardenias are also known for their sweet scent."
    },
    {
        "id": 5,
        "name": "Carnation",
        "meaning": "Fascination, Women Love",
        "photoFilename": "Carnation",
        "websiteUrl": "https://www.britannica.com/plant/carnation",
        "description": "A double layer of petals with crinkly edges are the chief characteristics of carnations. They come in a wide variety of colors and can be dyed to practically any color and shade on earth."
    },
    {
        "id": 6,
        "name": "Gerbera Daisy",
        "meaning": "beauty, innocence, and purity",
        "photoFilename": "GerberaDaisy",
        "websiteUrl": "https://www.gardeningknowhow.com/ornamental/flowers/gerbera-daisy/growing-gerbera-daisies.htm",
        "description": "Gerbera daisies are daisy-like flowers that come in bright colors, including pink, red, yellow, orange, and salmon. They have a long vase life and are one of the most used cut flowers in the world."
    },
    {
        "id": 7,
        "name": "Orchid",
        "meaning": "thoughtfulness, refinement, fertility, beauty, charm, and love",
        "photoFilename": "Orchid",
        "websiteUrl": "https://www.gardeningknowhow.com/ornamental/flowers/orchids/indoor-orchid-care.htm",
        "description": "Orchid flowers include several notable features, including three petals, three sepals, and a single lip that extends, which is known as a labellum. Orchids also have a waxy tube-like structure in the center of the flower called a column."
    },
    {
        "id": 8,
        "name": "Tulip",
        "meaning": "red: Passion, declaration of love; yellow: Sunshine in your smile",
        "photoFilename": "Tulip",
        "websiteUrl": "https://www.almanac.com/plant/tulips",
        "description": "Tulips have ruffled petals with streaks of colors and are available in a variety of colors including pink, red, yellow, orange, purple, and white. There are a wide variety of types of tulips, and they are often cultivated to achieve different characteristics."
    },
    {
        "id": 9,
        "name": "Peony",
        "meaning": "Bashful, Happy Life or Shame",
        "photoFilename": "Peony",
        "websiteUrl": "https://www.almanac.com/plant/peonies",
        "description": "Peonies have large, wonderfully fragrant flowers, in colors including everything from purple and pink to darker shades of red. They have a short blooming season, which only lasts about a week or so."
    },
    {
        "id": 10,
        "name": "Dahlia",
        "meaning": "Good taste",
        "photoFilename": "Dahlia",
        "websiteUrl": "https://www.almanac.com/plant/dahlias",
        "description": "In a rainbow of colors, dahlia flowers range from two-inch blooms to giant blossoms that measure up to 15 inches. Most types grow four to five feet tall."
    },
    {
        "id": 11,
        "name": "Marigold",
        "meaning": "Grief, jealousy",
        "photoFilename": "Marigold",
        "websiteUrl": "https://www.almanac.com/plant/marigolds",
        "description": "Most marigold flowers are yellow to deep orange. They typically feature a cluster of petals closely bunched together that resembles a pompom with dark green foliage."
    },
    {
        "id": 12,
        "name": "Aster",
        "meaning": "Symbol of Love, Daintiness",
        "photoFilename": "Aster",
        "websiteUrl": "https://www.gardeningknowhow.com/ornamental/flowers/asters/growing-asters.htm",
        "description": "Blooming in late summer and early fall, asters come with a bright yellow center and a variety of petal hues, including blue, purple, pink, and white. They attract bees and butterflies and are an important source of late-season nectar."
    },
    {
        "id": 13,
        "name": "Azalea",
        "meaning": "wealth and elegance",
        "photoFilename": "Azalea",
        "websiteUrl": "https://www.gardeningknowhow.com/ornamental/shrubs/azalea/azaleas-noteworthy-shrubs-for-any-garden.htm",
        "description": "The leaves, size, and shape of azaleas vary greatly by variety, and they range in color from pink to red to salmon. Azaleas are flowering shrubs in the rhododendron family, but not all rhododendrons are azaleas."
    },
    {
        "id": 14,
        "name": "Buttercup",
        "meaning": "joy, youth, purity, happiness and friendship",
        "photoFilename": "Buttercup",
        "websiteUrl": "https://www.britannica.com/plant/buttercup",
        "description": "Buttercups feature single or loosely clustered flowers with yellow petals and green foliage. Buttercups usually flower in the spring, but you can sometimes find flowers throughout the summer."
    },
    {
        "id": 15,
        "name": "Chrysanthemum",
        "meaning": "red: I love you; yellow: Slighted love; white: Truth",
        "photoFilename": "Chrysanthemum",
        "websiteUrl": "https://www.almanac.com/plant/chrysanthemums",
        "description": "Chrysanthemums are staples in fall gardens. They are best known for their bright flowers in every color of the rainbow and a full, dramatic display of blooms in a round semi-circle above the foliage."
    },
    {
        "id": 16,
        "name": "Geranium",
        "meaning": "Folly, Stupidity",
        "photoFilename": "Geranium",
        "websiteUrl": "https://www.gardeningknowhow.com/ornamental/flowers/geranium/geranium-care.htm",
        "description": "A classic garden plant, geranium flowers have five petals in white, pink, purple, or blue. They’re relatively easy to grow, so they’re a favorite of gardeners to plant in flower beds, along borders, and in containers."
    },
    {
        "id": 17,
        "name": "Delphinium",
        "meaning": "cheerfulness and goodwill",
        "photoFilename": "Delphinium",
        "websiteUrl": "https://www.almanac.com/plant/delphiniums",
        "description": "Delphiniums are known for their large spikes of colorful flowers in bright shades of blue, pink, white, and purple. They’re more challenging to grow than other types of flowers because they don’t like hot, dry weather."
    },
    {
        "id": 18,
        "name": "Lavender",
        "meaning": "Distrust",
        "photoFilename": "Lavender",
        "websiteUrl": "https://www.gardendesign.com/plants/lavender.html",
        "description": "Lavender is known for its fragrance, medicinal properties, and beautiful bluish-purple color. it blooms in the summer months and is a favorite of bees and butterflies."
    },
    {
        "id": 19,
        "name": "Snapdragon",
        "meaning": "Deception, Graciousness",
        "photoFilename": "Snapdragon",
        "websiteUrl": "https://www.gardeningknowhow.com/ornamental/flowers/snapdragon/growing-snapdragon.htm",
        "description": "Snapdragons can range from six inches to three feet depending on the variety. Flowers grow on tall, narrow spikes above the foliage and come in all colors of the rainbow from pastel tones to bold, saturated colors."
    },
    {
        "id": 20,
        "name": "Zinnia",
        "meaning": "Thoughts of absent friends, lasting affection",
        "photoFilename": "Zinnia",
        "websiteUrl": "https://www.almanac.com/plant/zinnias",
        "description": "Zinnia blooms are multi-colored in shades of yellow, orange, white, red, pink, purple, and more. They also come in a wide variety of appearances, including a single row of petals and a luscious dome shape. They range in size from about a foot to over three feet tall."
    },
    {
        "id": 21,
        "name": "Iris",
        "meaning": "Royalty and wisdom",
        "photoFilename": "Iris",
        "websiteUrl": "https://www.gardendesign.com/flowers/iris.html",
        "description": "Iris flowers have an unusual, but beautiful appearance. The petals resemble a fleur-de-lis, with some petals standing straight up while others slope down atop long, erect stems."
    },
    {
        "id": 22,
        "name": "Rose",
        "meaning": "red: Love, I love you; dark crimson: Mourning; pink: Happiness; white: Innocence, Heavenly, I’m worthy of you; yellow: Jealousy, Decrease of love, Infidelity",
        "photoFilename": "Rose",
        "websiteUrl": "https://www.britannica.com/plant/rose-plant",
        "description": "Roses are perhaps the most popular cut flower for floral displays. They feature a tight coil of petals that range in color from white to tones of yellow, pink, and dark crimson and have a delightful fragrance."
    },
    {
        "id": 23,
        "name": "Sunflower",
        "meaning": "dwarf: Adoration; tall: Haughtiness",
        "photoFilename": "Sunflower",
        "websiteUrl": "https://www.almanac.com/plant/sunflowers",
        "description": "With brilliant yellow petals and a brown to black central disc, sunflowers are practically unmistakable. Their bright and happy appearance resembles the sun, making them a crowd favorite in the summer months."
    },
    {
        "id": 24,
        "name": "Poppy",
        "meaning": "Consolation",
        "photoFilename": "Poppy",
        "websiteUrl": "https://www.gardeningknowhow.com/ornamental/flowers/poppy/growing-poppy-flowers.htm",
        "description": "Bright red in color with big, showy flowers and feathery green foliage, poppies are a beautiful flower. Poppies are also commonly often worn on Memorial Day to honor fallen soldiers."
    },
    {
        "id": 25,
        "name": "Periwinkle",
        "meaning": "faithfulness and trust",
        "photoFilename": "Periwinkle",
        "websiteUrl": "https://www.gardeningknowhow.com/ornamental/groundcover/periwinkle/growing-periwinkle.htm",
        "description": "Periwinkle is often used by gardeners as an evergreen ground cover due to its dark green foliage. Its flowers are purple, blue, or white, depending on the variety."
    },
    {
        "id": 26,
        "name": "Crocus",
        "meaning": "Cheerfulness, Youthful gladness",
        "photoFilename": "Crocus",
        "websiteUrl": "https://www.almanac.com/plant/crocuses",
        "description": "Crocuses bloom bright and early in the spring (sometimes they even poke through the snow) and lead the way for other springtime flowers to emerge. They come in purple, blue, yellow, pink, and white and grow low to the ground."
    },
    {
        "id": 27,
        "name": "Black-eyed Susan",
        "meaning": "Justice",
        "photoFilename": "BlackeyedSusan",
        "websiteUrl": "https://www.almanac.com/plant/black-eyed-susans",
        "description": "Black-eyed Susans are known for their bright yellow petals and brownish-black, dome-shaped center. They bloom in late summer and grow on long stems that can reach four feet in height."
    },
    {
        "id": 28,
        "name": "Daffodil",
        "meaning": "Regard, Unequalled Love",
        "photoFilename": "Daffodil",
        "websiteUrl": "https://www.almanac.com/plant/daffodils",
        "description": "Bright and fragrant flowers, daffodils bloom early in the spring. The blossoms feature six petals and a trumpet in the middle and are typically a combination of bright yellow and white."
    },
    {
        "id": 29,
        "name": "Petunia",
        "meaning": "soothing nature, resentment, and anger",
        "photoFilename": "Petunia",
        "websiteUrl": "https://www.britannica.com/plant/petunia",
        "description": "In all shades from bright white to deep purple or red, Petunias bloom profusely from early summer until frost. They’re one of the easiest flowers to grow, making them perfect for containers, flower beds, borders, and so much more."
    },
    {
        "id": 30,
        "name": "Ranunculus",
        "meaning": "charm",
        "photoFilename": "Ranunculus",
        "websiteUrl": "https://www.gardeningknowhow.com/ornamental/bulbs/ranunculus/growing-ranunculus-buttercups.htm",
        "description": "Ranunculus come in all shades of warm colors, from yellow and red to purple and pink. Their blooms burst open to feature rows upon rows of petals with a beautiful and striking appearance."
    },
    {
        "id": 31,
        "name": "Violet",
        "meaning": "Watchfullness, Modesty, Faithfulness",
        "photoFilename": "Violet",
        "websiteUrl": "https://www.gardeningknowhow.com/ornamental/bulbs/violet/wild-violets-care.htm",
        "description": "Violets typically have heart-shaped leaves and asymmetrical flowers that vary in color among the different varieties. Many are violet as their name suggests, but some are also blue, white, or yellow."
    },
    {
        "id": 32,
        "name": "Dusty Miller",
        "meaning": "industriousness",
        "photoFilename": "DustyMiller",
        "websiteUrl": "https://www.gardeningknowhow.com/ornamental/foliage/dusty-miller/growing-dusty-miller.htm",
        "description": "With its distinctive silver and lacy foliage, the Dusty Miller is a favorite of gardeners. Its blooms are bright yellow and stand out in a striking way against the backdrop of silver."
    },
    {
        "id": 33,
        "name": "Hyacinth",
        "meaning": "Sport, Game, Play; blue: Constancy; purple: Sorrow; yellow: Jealousy; white: Loveliness, Prayers for someone",
        "photoFilename": "Hyacinth",
        "websiteUrl": "https://www.almanac.com/plant/growing-hyacinth-muscari",
        "description": "Hyacinth is a hardy perennial with distinctive flowers that rise on an erect stalk. It features a pleasant fragrance and is a favorite for Easter displays due to its early spring blooms."
    },
    {
        "id": 34,
        "name": "Begonia",
        "meaning": "Beware",
        "photoFilename": "Begonia",
        "websiteUrl": "https://www.gardeningknowhow.com/ornamental/flowers/begonia/annual-begonia-care.htm",
        "description": "Begonias come in several varieties and range in size from as small as six inches to nearly three feet tall. Typically, begonias have white, pink, or red flowers, but cultivators have created a more diverse spectrum of colors, including yellow and orange."
    },
    {
        "id": 35,
        "name": "Camellia",
        "meaning": "pink: Longing For You; red: You’re a Flame in My Heart; white: You’re Adorable",
        "photoFilename": "Camellia",
        "websiteUrl": "https://www.gardenia.net/plant-variety/camellias-all-you-need-to-know",
        "description": "Camellia flowers are large and showy with a rose-like appearance in colors ranging from white to pink, red, and yellow. Camellias are known to symbolize love, affection, and admiration."
    },
    {
        "id": 36,
        "name": "Clematis",
        "meaning": "Mental beauty; evergreen: Poverty",
        "photoFilename": "Clematis",
        "websiteUrl": "https://www.gardeners.com/how-to/grow-clematis/8203.html",
        "description": "The clematis vine features a spectacular show of white, blue, violet, or purple flowers. It can grow up to 12 feet tall if provided the opportunity to climb on a trellis, arbor, fence, or wall."
    },
    {
        "id": 37,
        "name": "Coneflower",
        "meaning": "strength and healing",
        "photoFilename": "Coneflower",
        "websiteUrl": "https://www.almanac.com/plant/coneflowers",
        "description": "Coneflower has large flowers with spiny, dome-shaped, orange or brown centers that grow on sturdy stalks reaching up to five feet in height. They come in a variety of colors, including purple, orange, red, and white."
    },
    {
        "id": 38,
        "name": "Evening Primrose",
        "meaning": "spring, protection, safety, and love",
        "photoFilename": "EveningPrimrose",
        "websiteUrl": "https://www.gardenia.net/plant/oenothera-biennis-common-evening-primrose",
        "description": "Evening Primrose is a tall wildflower that blooms at sunset. The flower is yellow on the outside and whitish within and quickly fades in bright sunlight."
    },
    {
        "id": 39,
        "name": "Forget Me Not",
        "meaning": "true love and respect",
        "photoFilename": "ForgetMeNot",
        "websiteUrl": "https://www.gardeningknowhow.com/ornamental/flowers/forget-me-nots/growing-forget-me-nots.htm",
        "description": "Forget me nots are always recognizable by their deep blue petals contrasted with a bright yellow center. They have bright green foliage, which contrasts nicely with their blue blooms."
    },
    {
        "id": 40,
        "name": "Forsythia",
        "meaning": "hope, anticipation, and the renewal of fresh growth",
        "photoFilename": "Forsythia",
        "websiteUrl": "https://www.gardeningknowhow.com/ornamental/shrubs/forsythia/forsythia-shrub-care.htm",
        "description": "Forsythias are shrubs that can grow up to ten feet tall and twelve feet across. They bloom from early to mid-April and feature four-petaled flowers in shades ranging from light yellow to bright golden yellow."
    }
]
